year,origin,amount
1987,SAN,14795
1987,SFO,35155
1987,BUR,6548
1987,OAK,8393
1987,LAX,45646
1987,PHX,29848
1987,SJC,11570
1987,LAS,19239
1987,SNA,7310
1987,SMF,6912
1987,ABQ,7866
1987,MFR,831
1987,SCK,451
1987,MRY,888
1987,TUS,4954
1987,EUG,1176
1987,SEA,17411
1987,RDM,166
1987,PDX,10077
1987,RNO,5779
1987,ONT,8081
1987,CCR,374
1987,FAT,1917
1987,LGB,2122
1987,PSC,461
1987,YKM,169
1987,BLI,252
1987,GEG,2848
1987,JFK,12273
1987,STL,32097
1987,HNL,3827
1987,MIA,17649
1987,SJU,3623
1987,DEN,43376
1987,CVG,15483
1987,DCA,22016
1987,DTW,27548
1987,SYR,8377
1987,LGA,28596
1987,BOS,25250
1987,PHL,20570
1987,TPA,15288
1987,MCO,17305
1987,MKE,4368
1987,IAD,14560
1987,CMH,6788
1987,ORD,67216
1987,PIT,28765
1987,EWR,30991
1987,HOU,14286
1987,SAT,8194
1987,DAY,9259
1987,IND,8817
1987,FLL,10391
1987,BNA,13398
1987,CLE,13691
1987,DFW,51860
1987,BWI,16242
1987,ORF,7163
1987,COS,2252
1987,MCI,12910
1987,LIT,3701
1987,TUL,6525
1987,BDL,7676
1987,SLC,16498
1987,SDF,6257
1987,IAH,21566
1987,JAX,6498
1987,PSP,1386
1987,ANC,3217
1987,MSY,10112
1987,OMA,4471
1987,RSW,3932
1987,SRQ,2598
1987,ICT,3575
1987,ATL,66309
1987,MDW,4558
1987,AUS,7206
1987,MSP,23108
1987,PBI,6001
1987,OKC,6381
1987,MLI,1839
1987,MSN,1117
1987,CLT,24518
1987,DSM,3587
1987,RDU,15370
1987,FSD,1757
1987,PIA,1135
1987,SGF,852
1987,LEX,2395
1987,CMI,627
1987,CID,1515
1987,SUX,725
1987,TOL,926
1987,LNK,1587
1987,MDT,1560
1987,ALO,356
1987,RST,552
1987,MEM,19081
1987,OGG,890
1987,FAI,807
1987,KOA,159
1987,ROC,6058
1987,MBS,812
1987,LIH,164
1987,SBA,1153
1987,ALB,2922
1987,GSO,5796
1987,GRR,2516
1987,BIL,1775
1987,BHM,4625
1987,CAE,3058
1987,MHT,535
1987,ELP,5693
1987,TYS,2412
1987,JAN,2583
1987,BFL,608
1987,HSV,1546
1987,SAV,2984
1987,BGR,536
1987,PWM,1696
1987,ABE,1258
1987,BOI,1495
1987,CAK,1302
1987,GTF,1067
1987,BUF,6948
1987,CPR,632
1987,BTV,1581
1987,ISP,2050
1987,RIC,4797
1987,CHS,3705
1987,PVD,3043
1987,RAP,932
1987,CRW,1332
1987,FAR,857
1987,HPN,610
1987,FOE,57
1987,ILM,1150
1987,RDD,342
1987,LMT,58
1987,ACV,343
1987,ILG,29
1987,DAL,8962
1987,LBB,2192
1987,AMA,1947
1987,CRP,1270
1987,HRL,1687
1987,MAF,2382
1987,TLH,2094
1987,GSP,2168
1987,PNS,1881
1987,MOB,2135
1987,AVP,545
1987,GNV,606
1987,STT,863
1987,STX,709
1987,DAB,1557
1987,MLB,1076
1987,DRO,172
1987,GJT,585
1987,PUB,350
1987,GCN,419
1987,FLG,576
1987,YUM,509
1987,GRB,659
1987,AZO,997
1987,ERI,700
1987,FWA,1127
1987,BIS,1138
1987,MOT,447
1987,GFK,311
1987,VPS,342
1987,BZN,958
1987,DLH,359
1987,LSE,425
1987,EAU,321
1987,ATW,436
1987,SBN,665
1987,LAN,734
1987,MSO,708
1987,MGM,881
1987,BTR,2269
1987,SHV,2006
1987,CHA,1299
1987,GPT,323
1987,PFN,163
1987,CWA,437
1987,ROA,1332
1987,FAY,1096
1987,AVL,546
1987,OAJ,455
1987,HTS,620
1987,TRI,799
1987,LYH,444
1987,MYR,993
1987,FNT,274
1987,AGS,862
1987,ORH,611
1987,CHO,426
1987,ISO,367
1987,EVV,700
1987,UCA,252
1987,APF,261
1987,EYW,530
1987,BGM,545
1987,ITH,640
1987,ELM,696
1987,LFT,299
1987,GUM,466
1987,YAP,50
1987,ROR,91
1987,SPN,275
1987,MFE,407
1987,MLU,638
1987,CSG,327
1987,FCA,179
1987,HLN,268
1987,IDA,326
1987,JAC,226
1987,JNU,728
1987,BTM,179
1987,PIE,181
1987,TVL,241
1987,PHF,268
1987,BET,131
1987,OME,201
1987,OTZ,196
1987,SCC,134
1987,KTN,508
1987,CDV,146
1987,YAK,151
1987,SIT,282
1987,PSG,169
1987,WRG,168
1987,GUC,29
1987,HDN,64
1987,PIR,1
1988,SYR,31937
1988,LGA,114698
1988,JFK,51485
1988,UCA,1010
1988,CHO,1822
1988,CLT,101093
1988,EWR,125333
1988,LYH,1502
1988,ROA,4767
1988,BWI,67672
1988,MYR,3803
1988,GSO,21721
1988,ISP,7570
1988,CHS,13973
1988,ORF,27048
1988,BGM,2161
1988,LAX,169696
1988,SEA,71281
1988,SJC,46274
1988,BUR,23217
1988,SFO,131614
1988,SCK,1423
1988,OAK,28335
1988,LAS,72498
1988,MRY,2518
1988,SAN,61207
1988,TUS,18389
1988,PHX,121444
1988,SNA,30257
1988,SMF,27494
1988,ABQ,31480
1988,EUG,3594
1988,MFR,2178
1988,RDM,697
1988,PDX,39121
1988,RNO,19472
1988,ONT,34640
1988,CCR,1289
1988,PSC,1987
1988,YKM,710
1988,FAT,5638
1988,LGB,8599
1988,BLI,1045
1988,GEG,10657
1988,PSP,5092
1988,PHL,84069
1988,STL,127429
1988,HNL,15662
1988,MIA,72661
1988,SJU,17230
1988,BOS,99921
1988,CVG,62273
1988,DCA,89277
1988,MCO,72723
1988,DAY,35562
1988,RSW,17766
1988,ORD,271494
1988,SAT,33937
1988,FLL,39978
1988,JAX,24305
1988,PBI,25841
1988,PIT,118068
1988,MCI,44876
1988,TPA,60204
1988,CMH,26993
1988,MDW,19447
1988,AUS,28983
1988,DFW,216849
1988,COS,10508
1988,IND,37399
1988,DEN,161146
1988,MSN,5526
1988,DTW,108114
1988,TUL,25423
1988,BDL,31167
1988,IAD,50979
1988,CLE,59233
1988,SDF,23719
1988,MSP,95265
1988,IAH,85012
1988,SRQ,11820
1988,DSM,13524
1988,SLC,67710
1988,FSD,5723
1988,OKC,25564
1988,ICT,11890
1988,MLI,5510
1988,MSY,40943
1988,HOU,56990
1988,ATL,259731
1988,CMI,2218
1988,PIA,3203
1988,BNA,55696
1988,MKE,23148
1988,OMA,18111
1988,LEX,8397
1988,RDU,61264
1988,LIT,15084
1988,CID,5063
1988,SGF,2411
1988,MDT,6683
1988,SUX,3389
1988,LNK,5312
1988,TOL,3720
1988,ALO,116
1988,RST,2788
1988,MEM,74380
1988,ANC,13641
1988,OGG,3474
1988,FAI,3603
1988,KOA,612
1988,MBS,3529
1988,RAP,2775
1988,LIH,571
1988,SBA,3270
1988,PWM,7264
1988,ROC,22910
1988,ALB,12448
1988,TYS,9003
1988,GRR,10482
1988,PVD,12678
1988,JAN,9769
1988,BUF,27704
1988,BIL,6240
1988,GTF,3929
1988,BHM,18585
1988,HSV,6360
1988,BGR,2131
1988,BOI,6623
1988,MHT,2800
1988,CAK,4099
1988,BTV,6882
1988,ABE,4947
1988,RIC,17751
1988,SAV,10948
1988,CAE,10686
1988,GUC,153
1988,ELP,23878
1988,CRW,4641
1988,FAR,2916
1988,HPN,2212
1988,ILM,3730
1988,RDD,19
1988,ACV,19
1988,DAL,35638
1988,LBB,9733
1988,AMA,7608
1988,CRP,5539
1988,HRL,6676
1988,MAF,9253
1988,PNS,7096
1988,GSP,9612
1988,MOB,8067
1988,TLH,8706
1988,AVP,2273
1988,GNV,2586
1988,DAB,6375
1988,MLB,4812
1988,STT,3152
1988,STX,2580
1988,PUB,1342
1988,DRO,706
1988,GJT,2267
1988,YUM,1766
1988,FLG,2631
1988,GCN,1876
1988,ERI,2285
1988,GRB,2442
1988,FWA,4929
1988,GPT,1130
1988,LSE,1725
1988,BIS,4113
1988,VPS,1262
1988,AZO,4027
1988,BZN,3597
1988,DLH,1377
1988,GFK,1065
1988,EAU,1348
1988,MOT,1886
1988,ATW,1211
1988,SBN,2715
1988,MSO,2665
1988,MGM,3622
1988,BTR,8767
1988,SHV,7572
1988,CHA,5185
1988,PFN,710
1988,LAN,3346
1988,HDN,453
1988,CWA,1698
1988,FAY,4268
1988,AVL,2321
1988,OAJ,1805
1988,HTS,2328
1988,TRI,3205
1988,FNT,1367
1988,AGS,3218
1988,ORH,2859
1988,ISO,1439
1988,EVV,2594
1988,APF,807
1988,EYW,2230
1988,ITH,2370
1988,ELM,2764
1988,MFE,1689
1988,GUM,1733
1988,YAP,235
1988,ROR,368
1988,SPN,1166
1988,BFL,1281
1988,CPR,1391
1988,LFT,1219
1988,MLU,2540
1988,CSG,1034
1988,IDA,2157
1988,JAC,1684
1988,HLN,1076
1988,FCA,722
1988,JNU,3349
1988,BTM,718
1988,PIE,768
1988,TVL,959
1988,PHF,1071
1988,BET,584
1988,OME,990
1988,OTZ,906
1988,SCC,557
1988,KTN,2211
1988,CDV,663
1988,YAK,638
1988,SIT,1371
1988,PSG,664
1988,WRG,666
1988,ACY,447
1988,GST,86
1988,DET,2002
1988,ROP,1
1988,BFI,1
1989,SFO,126406
1989,DEN,138407
1989,HNL,17223
1989,LIH,347
1989,PHL,75422
1989,OGG,3278
1989,IAD,50832
1989,EWR,113843
1989,LAX,163487
1989,KOA,692
1989,ORD,261259
1989,MKE,24232
1989,IAH,87830
1989,MSY,40689
1989,RIC,16051
1989,SEA,73754
1989,FLL,36317
1989,MCO,70669
1989,BWI,70757
1989,HOU,55931
1989,MCI,38296
1989,SJC,45582
1989,CMH,25623
1989,OMA,17566
1989,ORF,24334
1989,BOS,91600
1989,ABQ,30882
1989,SMF,25609
1989,OKC,23783
1989,SGF,2212
1989,SLC,68623
1989,ONT,36306
1989,SAN,61349
1989,BUF,26227
1989,LGB,11625
1989,MIA,67294
1989,BDL,29154
1989,IND,40567
1989,TPA,54705
1989,SYR,27089
1989,PIT,113650
1989,STL,128097
1989,PDX,40776
1989,CLT,109552
1989,PHX,130180
1989,CVG,59945
1989,MBS,3844
1989,ATL,224036
1989,DSM,12304
1989,LAS,78382
1989,AUS,28255
1989,JAN,8961
1989,MEM,66790
1989,DTW,115873
1989,SRQ,11597
1989,MSP,99072
1989,DFW,228360
1989,PSP,5809
1989,MDT,6976
1989,FAT,5271
1989,BGR,2102
1989,PWM,8474
1989,ROC,21181
1989,MDW,21965
1989,FAR,2788
1989,CHS,11507
1989,SAV,9351
1989,LGA,104583
1989,ANC,13479
1989,FSD,5464
1989,OAK,28156
1989,CLE,61875
1989,CAE,8958
1989,TUL,23777
1989,HPN,2240
1989,GSO,18994
1989,RDU,60458
1989,DAY,35577
1989,GRR,10044
1989,MSN,6072
1989,JAX,22793
1989,BNA,58219
1989,COS,10412
1989,SAT,33451
1989,CID,5479
1989,PBI,26082
1989,GEG,10429
1989,LNK,4765
1989,PVD,13179
1989,BIL,5264
1989,SBA,3470
1989,ELP,24865
1989,SDF,20446
1989,TUS,18927
1989,SNA,29848
1989,ICT,12483
1989,BUR,21081
1989,ABE,4959
1989,RAP,2436
1989,GTF,3192
1989,LIT,15008
1989,ALB,13651
1989,RNO,17929
1989,BHM,17597
1989,HSV,7239
1989,BOI,6707
1989,DCA,82820
1989,SUX,2411
1989,TYS,9139
1989,MHT,3417
1989,EUG,4307
1989,MLI,4306
1989,BTV,6765
1989,PIA,2070
1989,FAI,3330
1989,MFR,2148
1989,MRY,2157
1989,JFK,48606
1989,RSW,17045
1989,ERI,2121
1989,PHF,1070
1989,PSC,1302
1989,ISP,6673
1989,AVP,1983
1989,EVV,2443
1989,ELM,1912
1989,LEX,7497
1989,ORH,2951
1989,BGM,2102
1989,TRI,2776
1989,CRW,4141
1989,TOL,3422
1989,MYR,4241
1989,ITH,1252
1989,GSP,8652
1989,HTS,2268
1989,ACY,654
1989,BLI,1605
1989,SCK,955
1989,RDM,319
1989,CCR,1285
1989,YKM,234
1989,DAL,34963
1989,LBB,9316
1989,CRP,5880
1989,AMA,6342
1989,HRL,6560
1989,MAF,8288
1989,DET,5712
1989,VPS,1091
1989,AZO,3446
1989,FWA,4753
1989,DLH,1518
1989,ATW,701
1989,GRB,2916
1989,BIS,4039
1989,GPT,1035
1989,LAN,3194
1989,GFK,1146
1989,RST,2913
1989,BZN,3774
1989,EAU,426
1989,LSE,1336
1989,MOT,1909
1989,MOB,6961
1989,MSO,2504
1989,BTR,8684
1989,CHA,4995
1989,SHV,7209
1989,MGM,2590
1989,PFN,15
1989,HDN,631
1989,SBN,2711
1989,STT,2029
1989,STX,2347
1989,FAY,3225
1989,AVL,2334
1989,CAK,3100
1989,OAJ,1264
1989,TLH,8106
1989,ROA,3915
1989,ILM,3139
1989,AGS,3086
1989,DAB,5974
1989,FNT,1169
1989,ISO,1037
1989,CHO,1647
1989,CMI,1573
1989,LYH,1114
1989,UCA,1006
1989,PNS,6996
1989,EYW,2125
1989,APF,114
1989,GNV,2890
1989,SJU,17075
1989,PUB,1634
1989,MLU,2478
1989,MLB,4637
1989,CSG,1004
1989,CPR,1078
1989,IDA,2044
1989,JAC,1669
1989,HLN,1073
1989,FCA,717
1989,JNU,3580
1989,BTM,705
1989,DRO,751
1989,GJT,1415
1989,YUM,1700
1989,FLG,2445
1989,GCN,1383
1989,PIE,267
1989,TVL,969
1989,BFL,958
1989,GUC,259
1989,BET,574
1989,OME,947
1989,OTZ,875
1989,SCC,529
1989,KTN,2172
1989,CDV,677
1989,YAK,645
1989,SIT,1354
1989,PSG,639
1989,WRG,638
1989,GUM,2067
1989,MFE,1721
1989,LFT,1231
1989,YAP,285
1989,ROR,510
1989,SPN,1475
1989,ROP,39
1989,TVC,201
1989,ABI,2
1989,GST,87
1989,EGE,11
1989,SUN,15
1990,CMH,27099
1990,IND,43826
1990,LAX,169847
1990,PHL,82321
1990,PIT,117795
1990,SFO,130342
1990,BDL,29517
1990,MSY,45439
1990,EWR,117938
1990,BWI,69848
1990,MCI,46567
1990,SAN,60695
1990,MDT,7403
1990,MCO,76507
1990,LGA,106448
1990,PSP,6219
1990,TPA,59029
1990,IAD,52337
1990,DAY,35371
1990,CLE,69408
1990,ABE,6010
1990,ISP,5744
1990,BUR,25635
1990,DCA,86835
1990,PHX,138558
1990,FLL,39704
1990,PVD,15600
1990,ABQ,31893
1990,TUS,19121
1990,TYS,8731
1990,LAS,86219
1990,MIA,77388
1990,SYR,23377
1990,DTW,120331
1990,BOS,94092
1990,EVV,2173
1990,BTV,7076
1990,PBI,27171
1990,OAK,36437
1990,ERI,1919
1990,ONT,36898
1990,PDX,41897
1990,ROC,21018
1990,CLT,115470
1990,SEA,79618
1990,SNA,28679
1990,GRR,10740
1990,DFW,237924
1990,AVP,3106
1990,IAH,91175
1990,ORD,269128
1990,JFK,47153
1990,RIC,16886
1990,RNO,17802
1990,BUF,25890
1990,TOL,2857
1990,SAV,9831
1990,SMF,25273
1990,RDU,59925
1990,CVG,63610
1990,STL,126694
1990,PHF,1060
1990,MKE,25201
1990,ALB,13713
1990,BNA,53761
1990,MEM,62750
1990,FWA,3982
1990,ELM,1533
1990,CRW,3179
1990,ATL,269397
1990,JAX,22177
1990,ORH,2372
1990,MSP,102298
1990,SDF,20358
1990,LEX,5672
1990,BGM,2131
1990,CAE,11515
1990,CHS,13622
1990,MHT,4575
1990,MYR,3462
1990,BHM,18127
1990,MDW,21418
1990,ORF,25814
1990,ITH,1085
1990,GSO,19917
1990,GSP,10476
1990,TRI,2505
1990,RSW,19675
1990,PWM,8381
1990,SRQ,14505
1990,AVL,2320
1990,LGB,12708
1990,SJC,44219
1990,ACY,760
1990,HTS,1824
1990,ICT,12662
1990,BLI,1903
1990,SBN,2533
1990,AZO,3387
1990,ROA,4433
1990,DAB,7324
1990,CAK,3764
1990,SJU,19057
1990,CHO,1856
1990,FNT,1081
1990,UCA,1048
1990,DEN,137179
1990,TLH,8670
1990,LYH,711
1990,CMI,1076
1990,EYW,2106
1990,FAY,2994
1990,ILM,2732
1990,PNS,8702
1990,ISO,718
1990,MLB,5725
1990,AGS,3136
1990,GNV,3708
1990,LAN,3003
1990,SAT,36980
1990,CHA,4988
1990,OAJ,1064
1990,AUS,28397
1990,FAT,6647
1990,SCK,888
1990,CCR,1303
1990,MRY,2244
1990,EUG,3327
1990,MFR,1865
1990,DAL,37053
1990,HOU,58534
1990,AMA,6391
1990,LIT,14829
1990,HRL,6697
1990,TUL,23864
1990,CRP,6483
1990,OKC,24148
1990,LBB,9679
1990,MAF,8002
1990,ELP,26664
1990,DET,6890
1990,DLH,1741
1990,FSD,6011
1990,BIS,3864
1990,ATW,266
1990,GRB,3067
1990,FAR,2688
1990,MBS,3701
1990,BIL,5367
1990,BZN,3954
1990,DSM,10148
1990,RST,2892
1990,MSN,7146
1990,OMA,17046
1990,CID,5347
1990,LSE,1349
1990,MOT,1979
1990,GFK,1267
1990,BTR,8623
1990,GEG,10322
1990,RAP,2601
1990,JAN,8783
1990,SLC,69345
1990,GTF,3234
1990,MSO,2481
1990,MOB,8789
1990,VPS,1077
1990,GPT,1057
1990,HSV,8311
1990,HPN,2625
1990,SHV,6811
1990,HDN,589
1990,TVC,529
1990,HNL,17788
1990,STT,2500
1990,STX,2574
1990,COS,10393
1990,SUX,2475
1990,LNK,4839
1990,PUB,1773
1990,MLI,3653
1990,SGF,1706
1990,PIA,1933
1990,ANC,14490
1990,FAI,3494
1990,KOA,686
1990,OGG,3004
1990,SBA,4398
1990,BGR,2463
1990,BOI,6454
1990,LIH,353
1990,MGM,2421
1990,MLU,2487
1990,CSG,1039
1990,CPR,1081
1990,HLN,919
1990,JAC,1706
1990,FCA,716
1990,GUC,348
1990,PSC,1084
1990,IDA,1952
1990,BTM,717
1990,JNU,3652
1990,DRO,988
1990,GJT,1436
1990,PMD,1540
1990,EGE,156
1990,SUN,66
1990,YUM,1658
1990,FLG,2366
1990,GCN,1355
1990,BFL,1713
1990,TVL,888
1990,BET,589
1990,OME,994
1990,OTZ,901
1990,SCC,533
1990,KTN,2226
1990,CDV,691
1990,YAK,661
1990,SIT,1380
1990,PSG,678
1990,WRG,680
1990,RDM,112
1990,GUM,2414
1990,LFT,1135
1990,MFE,1763
1990,YAP,139
1990,ROR,358
1990,SPN,1837
1990,SWF,1916
1990,GST,86
1990,ROP,254
1990,EFD,730
1990,PSE,61
1991,TPA,53963
1991,CLE,59037
1991,MDW,50676
1991,PIT,117224
1991,BUF,25212
1991,BNA,61555
1991,RNO,19774
1991,SFO,123999
1991,CLT,122069
1991,MYR,3302
1991,BWI,62283
1991,IND,42890
1991,MCI,48596
1991,SAN,59491
1991,EWR,113779
1991,CHS,10527
1991,PBI,24171
1991,LEX,5261
1991,CVG,66313
1991,SMF,27129
1991,STL,119900
1991,MCO,80685
1991,TLH,7118
1991,DAY,33738
1991,MDT,7893
1991,SYR,23286
1991,ACY,934
1991,AVP,1919
1991,ISP,5866
1991,GSO,17593
1991,ORF,22611
1991,ICT,11706
1991,BOS,91360
1991,PHL,83113
1991,PWM,8507
1991,ORD,263145
1991,FLL,34911
1991,LAX,156947
1991,CRW,2757
1991,PHF,1022
1991,DTW,119649
1991,DCA,83117
1991,LAS,91970
1991,LGA,102260
1991,GSP,8092
1991,ATL,188408
1991,CMH,27414
1991,FAY,2612
1991,SAV,8725
1991,MHT,5283
1991,GRR,10327
1991,ERI,1804
1991,BGM,1899
1991,BDL,28920
1991,IAD,49695
1991,TRI,3414
1991,BHM,16104
1991,GNV,1917
1991,RIC,14888
1991,SDF,18776
1991,MLB,4879
1991,DEN,137302
1991,IAH,88500
1991,JAX,19042
1991,ROA,3580
1991,CHO,1206
1991,ORH,1696
1991,HTS,1579
1991,ILM,2504
1991,JFK,42235
1991,CAK,3076
1991,PDX,37742
1991,SEA,76729
1991,RDU,55974
1991,MIA,73124
1991,ROC,21495
1991,PVD,15806
1991,AUS,29519
1991,DFW,243221
1991,ABE,6178
1991,MKE,22094
1991,BTV,6150
1991,UCA,1008
1991,CAE,8503
1991,ALB,12368
1991,FWA,3276
1991,SNA,29286
1991,MEM,55896
1991,EVV,1808
1991,TYS,8787
1991,ELM,1429
1991,ITH,1077
1991,OAJ,1024
1991,TOL,2809
1991,RSW,19300
1991,PHX,137343
1991,DAB,5787
1991,SAT,35005
1991,ABQ,30334
1991,TUS,18514
1991,LIT,15656
1991,SJC,42760
1991,AVL,3054
1991,BUR,25528
1991,CMI,1080
1991,FNT,1076
1991,MSP,106515
1991,MSY,40479
1991,EYW,349
1991,BLI,1015
1991,OAK,40122
1991,ONT,38606
1991,AGS,3390
1991,PNS,7734
1991,SJU,18424
1991,SRQ,13110
1991,ISO,685
1991,LAN,2797
1991,AZO,3132
1991,SBN,2429
1991,CHA,3909
1991,SWF,4546
1991,CCR,214
1991,FAT,5108
1991,DAL,39166
1991,HOU,56509
1991,AMA,5890
1991,ELP,26394
1991,HRL,6065
1991,TUL,24977
1991,CRP,6890
1991,LBB,8810
1991,OKC,24664
1991,MAF,7184
1991,DET,5180
1991,DLH,1745
1991,GFK,1367
1991,FAR,2604
1991,FSD,5979
1991,MOT,1761
1991,OMA,17501
1991,GEG,8178
1991,SLC,68017
1991,RST,2915
1991,CID,5003
1991,HPN,2833
1991,DSM,11496
1991,BIS,3160
1991,GTF,3203
1991,MSO,2503
1991,SHV,5902
1991,BTR,8254
1991,JAN,7664
1991,HSV,7624
1991,TVC,680
1991,BIL,4922
1991,BZN,3916
1991,MSN,5702
1991,LSE,1236
1991,RAP,2505
1991,GRB,3050
1991,MBS,3462
1991,GPT,726
1991,HDN,691
1991,VPS,1076
1991,MOB,7884
1991,HNL,16887
1991,STT,2782
1991,STX,2938
1991,COS,12003
1991,MLI,3240
1991,PSP,6689
1991,PUB,1453
1991,LNK,3049
1991,SGF,1495
1991,PIA,944
1991,SUX,1496
1991,KOA,705
1991,OGG,2954
1991,ANC,15135
1991,SBA,4216
1991,LIH,354
1991,LGB,10354
1991,EUG,2759
1991,BOI,5911
1991,BGR,2835
1991,MFR,1322
1991,MRY,1185
1991,FAI,3527
1991,HLN,1075
1991,IDA,1432
1991,CSG,1014
1991,MLU,2491
1991,MGM,2522
1991,JAC,1872
1991,CPR,1075
1991,BTM,715
1991,FCA,835
1991,GUC,219
1991,PSC,1083
1991,JNU,3866
1991,PMD,710
1991,DRO,910
1991,GJT,1257
1991,BFL,1541
1991,GCN,1018
1991,YUM,1602
1991,FLG,2242
1991,EGE,332
1991,TVL,257
1991,MFE,2764
1991,BET,593
1991,OME,1008
1991,OTZ,926
1991,SCC,658
1991,KTN,2304
1991,CDV,712
1991,YAK,682
1991,SIT,1433
1991,PSG,699
1991,WRG,698
1991,GUM,3593
1991,SPN,2174
1991,LFT,1108
1991,ROR,360
1991,ROP,1001
1991,EFD,254
1991,PFN,803
1991,HVN,851
1991,GST,81
1991,TTN,154
1991,BQN,13
1991,SPI,28
1992,CMH,37794
1992,EWR,115895
1992,IND,43620
1992,LAX,155639
1992,ATL,203087
1992,CLT,123343
1992,GNV,2667
1992,AVP,2264
1992,BWI,50817
1992,PIT,133995
1992,MDT,8871
1992,ROC,21067
1992,DCA,85960
1992,SAN,61251
1992,BUF,25094
1992,MCO,89340
1992,MIA,69628
1992,ALB,14294
1992,RSW,18955
1992,TPA,53771
1992,CLE,56491
1992,LGA,104217
1992,PHL,89564
1992,RDU,56621
1992,BGM,1495
1992,MCI,49262
1992,DSM,10473
1992,STL,123651
1992,DAY,17069
1992,LAN,2688
1992,RIC,15677
1992,MSP,115258
1992,DFW,253247
1992,SMF,29931
1992,PHX,136403
1992,TUS,17714
1992,JAX,18738
1992,SBN,3360
1992,AUS,29347
1992,IAH,94555
1992,DTW,124265
1992,FLL,32498
1992,BTV,5175
1992,CHS,9158
1992,PBI,25832
1992,BOS,93521
1992,ORD,275185
1992,SYR,20474
1992,CRW,2566
1992,HTS,1251
1992,JFK,42454
1992,ITH,1087
1992,OMA,15654
1992,ABE,7428
1992,BNA,64146
1992,MEM,51169
1992,RNO,18420
1992,MHT,4782
1992,LAS,86201
1992,SDF,16627
1992,ORF,19495
1992,GSP,6769
1992,GRR,9874
1992,ERI,1565
1992,GSO,16426
1992,ORH,1903
1992,ELM,1385
1992,TRI,2707
1992,TYS,8681
1992,PVD,15690
1992,MSY,40100
1992,AZO,2974
1992,CAK,2749
1992,SEA,75803
1992,PHF,1020
1992,SFO,122477
1992,IAD,41886
1992,ICT,11337
1992,BDL,28730
1992,MOB,7804
1992,TLH,7276
1992,TTN,674
1992,AVL,2657
1992,EVV,1264
1992,SWF,4263
1992,SRQ,11339
1992,SAT,33544
1992,ROA,3101
1992,PWM,7639
1992,FWA,3131
1992,MSN,7777
1992,MYR,2318
1992,CMI,607
1992,LEX,5311
1992,MLB,4784
1992,DAB,6418
1992,PNS,8686
1992,MKE,23336
1992,HSV,8044
1992,ABQ,31744
1992,FNT,869
1992,CHO,378
1992,CAE,7374
1992,MDW,29000
1992,TOL,2464
1992,FAY,2654
1992,DEN,147758
1992,BHM,15745
1992,ISP,4323
1992,CVG,70856
1992,ACY,763
1992,ILM,2071
1992,UCA,315
1992,SAV,7905
1992,LIT,16370
1992,OAJ,1024
1992,CHA,3770
1992,AGS,3640
1992,SJU,19611
1992,ISO,288
1992,MGM,3141
1992,DAL,41031
1992,HOU,57252
1992,AMA,5927
1992,HRL,6192
1992,ELP,26075
1992,TUL,25684
1992,CRP,7298
1992,LBB,8989
1992,OKC,24789
1992,MAF,6960
1992,ONT,37281
1992,BUR,23247
1992,DET,3626
1992,OAK,36640
1992,GRB,3066
1992,PDX,37365
1992,BIS,2846
1992,DLH,1860
1992,GEG,8502
1992,LSE,1313
1992,MBS,3279
1992,CID,5277
1992,GFK,1403
1992,FAR,3260
1992,MOT,1768
1992,TVC,675
1992,RST,3047
1992,BIL,5228
1992,BZN,3946
1992,SLC,68521
1992,RAP,2620
1992,HPN,4131
1992,FSD,6556
1992,GTF,3070
1992,MSO,2384
1992,VPS,1081
1992,ANC,16562
1992,HNL,15412
1992,BTR,8182
1992,SNA,27319
1992,HDN,471
1992,COS,11127
1992,SGF,1701
1992,PSP,5131
1992,MLI,3341
1992,SJC,38993
1992,PUB,286
1992,SUX,1554
1992,OGG,2952
1992,KOA,708
1992,BOI,6128
1992,LIH,314
1992,SBA,3127
1992,FAT,4087
1992,LGB,5918
1992,BGR,2520
1992,HVN,1344
1992,EUG,2906
1992,LNK,2852
1992,PIA,1289
1992,FAI,4084
1992,MRY,1126
1992,MFR,1353
1992,GJT,944
1992,GUM,3496
1992,ROP,663
1992,JNU,4179
1992,MLU,2515
1992,JAN,7725
1992,SHV,5866
1992,CSG,1014
1992,IDA,1680
1992,PFN,1071
1992,JAC,2245
1992,FCA,837
1992,STT,2603
1992,CPR,1062
1992,BTM,707
1992,GUC,212
1992,PSC,1079
1992,HLN,1076
1992,FLG,1690
1992,YUM,1073
1992,DRO,638
1992,EGE,336
1992,MFE,2964
1992,BFL,714
1992,STX,2273
1992,SPI,571
1992,BLI,186
1992,BET,646
1992,SCC,964
1992,OME,1008
1992,OTZ,1013
1992,KTN,2474
1992,CDV,692
1992,YAK,671
1992,SIT,1420
1992,PSG,671
1992,WRG,672
1992,SPN,2247
1992,LFT,1015
1992,ROR,408
1992,LWB,85
1992,BRW,273
1992,AKN,330
1992,DLG,309
1992,GST,79
1992,ADQ,85
1992,ANI,43
1992,KSM,42
1992,MTJ,2
1993,EWR,113486
1993,MCO,81391
1993,PIT,122740
1993,DTW,127808
1993,LGA,103551
1993,TPA,55376
1993,DCA,87948
1993,DFW,260475
1993,BWI,52581
1993,CLE,55812
1993,CLT,117805
1993,GSO,17196
1993,SAN,60464
1993,JAX,18076
1993,PHL,96101
1993,MSY,41899
1993,RIC,15836
1993,BTV,3435
1993,DAY,14664
1993,CRW,2437
1993,LAX,152353
1993,IND,37684
1993,PHX,134172
1993,PVD,13335
1993,SFO,117581
1993,TUS,15941
1993,BDL,26262
1993,BOS,95331
1993,MIA,73262
1993,ROC,18905
1993,LAS,89518
1993,SYR,17128
1993,BUF,22789
1993,BGM,1378
1993,CVG,70433
1993,RDU,55195
1993,STL,133011
1993,CMH,39319
1993,MHT,3971
1993,ORF,18831
1993,AZO,2604
1993,ATL,220818
1993,TLH,6290
1993,FLL,33588
1993,EVV,1285
1993,GRR,9811
1993,HPN,5517
1993,SEA,71610
1993,ORD,286055
1993,OMA,16171
1993,HSV,7902
1993,LEX,5299
1993,MCI,54667
1993,PBI,25054
1993,OAJ,1020
1993,SRQ,9852
1993,FAY,3119
1993,SDF,17877
1993,IAH,99887
1993,ELM,1382
1993,AUS,30687
1993,BNA,57820
1993,CAE,6404
1993,ALB,12836
1993,FNT,721
1993,ITH,1077
1993,CHA,3786
1993,MDT,8588
1993,GSP,7294
1993,MDW,33393
1993,RSW,18225
1993,CHS,9126
1993,ROA,2874
1993,ABQ,34699
1993,MOB,7305
1993,PHF,1119
1993,ORH,648
1993,SAV,7107
1993,GNV,2481
1993,MEM,49897
1993,TYS,8706
1993,MKE,19844
1993,LIT,16499
1993,LAN,2606
1993,IAD,33430
1993,TOL,2434
1993,HTS,1292
1993,JFK,41842
1993,SWF,4002
1993,ABE,6515
1993,BHM,16072
1993,ILM,2028
1993,SBN,3234
1993,MSN,5532
1993,MYR,2303
1993,RNO,18587
1993,SMF,29714
1993,MLB,4356
1993,AVP,2524
1993,SAT,35490
1993,DAB,5153
1993,ISP,4115
1993,AVL,2816
1993,ACY,738
1993,DEN,159039
1993,ERI,1426
1993,CAK,1416
1993,MSP,120572
1993,SJU,20846
1993,PNS,6532
1993,AGS,3494
1993,TRI,3053
1993,PWM,6492
1993,FWA,3119
1993,DAL,41989
1993,HOU,57140
1993,AMA,5089
1993,MAF,7201
1993,CRP,6515
1993,ELP,27455
1993,TUL,24441
1993,HRL,6574
1993,LBB,8114
1993,OKC,24389
1993,ONT,36430
1993,DET,3140
1993,OAK,39516
1993,BUR,24893
1993,PDX,35907
1993,FAR,3262
1993,FSD,6015
1993,MOT,1600
1993,RST,3388
1993,GRB,2742
1993,MBS,3427
1993,VPS,1081
1993,TVC,672
1993,CID,4833
1993,DLH,1921
1993,BIL,5059
1993,HDN,514
1993,BIS,2377
1993,LSE,1038
1993,GEG,7362
1993,BZN,4105
1993,RAP,2620
1993,SLC,67742
1993,GFK,1386
1993,GTF,2921
1993,MSO,2503
1993,ICT,10566
1993,HNL,14223
1993,DSM,9975
1993,BTR,6512
1993,COS,11400
1993,SNA,30555
1993,SJC,34505
1993,MLI,2608
1993,SGF,1759
1993,OGG,2689
1993,KOA,717
1993,BOI,5404
1993,FAT,3889
1993,LIH,48
1993,LNK,3013
1993,SUX,587
1993,BGR,2556
1993,EUG,2888
1993,PSP,3143
1993,GUC,308
1993,SBA,2539
1993,HVN,1062
1993,PIA,1448
1993,MRY,1375
1993,JAC,2168
1993,ANC,16256
1993,FAI,3993
1993,MFR,1463
1993,EGE,546
1993,MFE,3070
1993,GJT,565
1993,LFT,275
1993,MTJ,11
1993,STT,3296
1993,STX,2106
1993,MGM,2508
1993,MLU,2483
1993,SHV,5108
1993,IDA,1701
1993,JAN,7296
1993,PFN,1241
1993,CSG,1025
1993,PSC,1070
1993,BTM,711
1993,CPR,1065
1993,HLN,1190
1993,FCA,828
1993,LGB,4536
1993,BFL,699
1993,SPI,344
1993,ADQ,315
1993,ANI,97
1993,BET,739
1993,KSM,95
1993,OME,973
1993,OTZ,976
1993,SCC,549
1993,JNU,3696
1993,KTN,2406
1993,CDV,695
1993,YAK,693
1993,SIT,1429
1993,PSG,679
1993,WRG,680
1993,AKN,356
1993,DLG,305
1993,BRW,424
1993,GUM,1027
1993,SPN,867
1993,ROR,133
1993,BQN,644
1993,PSE,226
1993,DUT,234
1993,GST,88
1993,COD,74
1993,ACK,19
1993,BRO,202
1994,CLT,129391
1994,MCO,77120
1994,ORD,277741
1994,PBI,24079
1994,PHL,93585
1994,MIA,72351
1994,IND,38612
1994,CLE,67185
1994,DCA,88445
1994,BOS,100365
1994,STL,151609
1994,BWI,71197
1994,PIT,130977
1994,CVG,68790
1994,EWR,116768
1994,ORF,25436
1994,ROC,17863
1994,TPA,59871
1994,BTV,3241
1994,MHT,4419
1994,MLB,3692
1994,GSO,35853
1994,PVD,14304
1994,CAE,6107
1994,JAX,26479
1994,MCI,56814
1994,SWF,4465
1994,IAH,104182
1994,DTW,136837
1994,CHS,13011
1994,RIC,16506
1994,TRI,3305
1994,LGA,101864
1994,DAY,18893
1994,BUF,23906
1994,FLL,38199
1994,SYR,15977
1994,MDT,8538
1994,ERI,1428
1994,HPN,5845
1994,LAX,153494
1994,SMF,28942
1994,SDF,22582
1994,CMH,40952
1994,MDW,45208
1994,CHA,3537
1994,MSY,48055
1994,RDU,47428
1994,ROA,3196
1994,HTS,1330
1994,ELM,1438
1994,ITH,1078
1994,FAY,2503
1994,GSP,11867
1994,PHX,139581
1994,BDL,26827
1994,SBN,3589
1994,BGM,1432
1994,DEN,141427
1994,SNA,33171
1994,LAS,94972
1994,PWM,6047
1994,ATL,221486
1994,MSP,123222
1994,CRW,2456
1994,MKE,17808
1994,SRQ,7884
1994,MOB,5842
1994,OAJ,1033
1994,AVL,3145
1994,ILM,2128
1994,RSW,15607
1994,LEX,5046
1994,BHM,17186
1994,BNA,50339
1994,GRR,10091
1994,SAV,6773
1994,ISP,3696
1994,MYR,2472
1994,SFO,118233
1994,ABQ,36196
1994,ALB,12499
1994,TLH,6553
1994,AGS,3345
1994,MEM,50063
1994,EVV,1172
1994,IAD,31856
1994,PNS,6731
1994,DFW,256274
1994,TOL,2440
1994,CAK,1502
1994,SEA,75870
1994,ABE,7096
1994,LAN,2429
1994,AZO,2622
1994,RNO,18067
1994,SAN,60509
1994,JFK,43116
1994,AVP,2507
1994,SJU,19787
1994,PHF,1500
1994,LIT,17411
1994,TYS,9024
1994,SAT,38458
1994,DAB,4538
1994,FNT,713
1994,HSV,7298
1994,AUS,33341
1994,FWA,3097
1994,ACY,620
1994,DAL,42914
1994,HOU,54106
1994,AMA,4128
1994,MAF,7176
1994,CRP,5182
1994,ELP,28063
1994,HRL,5874
1994,TUL,21070
1994,LBB,6750
1994,OKC,23498
1994,ONT,36844
1994,SJC,38308
1994,OAK,44314
1994,BUR,25900
1994,DSM,9201
1994,MSN,4151
1994,DLH,1762
1994,BIS,1402
1994,LSE,1207
1994,BTR,5399
1994,FSD,3986
1994,GEG,8392
1994,FAR,2201
1994,PDX,38064
1994,RAP,1240
1994,TUS,15909
1994,SLC,69096
1994,OMA,16707
1994,RST,3420
1994,MOT,1067
1994,GTF,2361
1994,MSO,1907
1994,GRB,2692
1994,GFK,1386
1994,ICT,7322
1994,HNL,13369
1994,BIL,3905
1994,BZN,2593
1994,TVC,885
1994,MBS,3915
1994,HDN,539
1994,VPS,1073
1994,EGE,563
1994,CID,4398
1994,COS,9921
1994,MLI,2692
1994,SGF,1753
1994,OGG,2695
1994,KOA,705
1994,SBA,2093
1994,PIA,709
1994,LNK,2743
1994,BOI,6141
1994,HVN,1059
1994,EUG,2108
1994,PSP,3160
1994,ANC,17146
1994,FAI,4473
1994,MFR,1412
1994,MRY,1357
1994,MTJ,18
1994,STT,3112
1994,MGM,2482
1994,MLU,2353
1994,JAN,5101
1994,SHV,4581
1994,CPR,268
1994,IDA,1128
1994,BGR,2068
1994,JAC,1703
1994,PFN,1289
1994,STX,1330
1994,CSG,1032
1994,PSC,1329
1994,FAT,3183
1994,BTM,183
1994,GNV,1423
1994,FCA,830
1994,HLN,1069
1994,GUC,208
1994,LGB,3000
1994,MFE,3443
1994,PSE,65
1994,SPI,2
1994,BFL,473
1994,BQN,691
1994,DUT,332
1994,BET,827
1994,ANI,138
1994,KSM,133
1994,OME,956
1994,OTZ,956
1994,SCC,737
1994,JNU,3778
1994,KTN,2429
1994,CDV,701
1994,YAK,699
1994,SIT,1376
1994,PSG,670
1994,WRG,673
1994,ADQ,423
1994,AKN,400
1994,DLG,308
1994,BRW,672
1994,GJT,224
1994,LFT,248
1994,BRO,1105
1994,GST,96
1994,ACK,22
1994,COD,68
1994,SUX,290
1994,SPN,7
1994,TWF,6
1994,DRO,17
1995,ORD,293422
1995,ORF,18198
1995,PBI,22558
1995,PHX,157155
1995,PIT,126190
1995,PVD,12530
1995,PWM,5451
1995,RDU,27642
1995,RIC,15990
1995,ROC,16130
1995,RSW,14990
1995,SFO,129137
1995,SJU,21458
1995,SRQ,6863
1995,STL,174847
1995,SYR,12592
1995,TPA,45782
1995,ABQ,36871
1995,ATL,230470
1995,AUS,36474
1995,BNA,43382
1995,BUR,31472
1995,CLE,66888
1995,CLT,131417
1995,CMH,38271
1995,COS,12077
1995,CVG,76629
1995,DEN,130327
1995,DFW,268127
1995,DTW,147610
1995,ELP,28728
1995,EWR,109592
1995,HOU,57492
1995,IAD,33053
1995,IAH,121029
1995,ICT,7051
1995,IND,37092
1995,JFK,46187
1995,LAS,112181
1995,LAX,179909
1995,LGB,1401
1995,LIT,16652
1995,MCI,56727
1995,MCO,67900
1995,MEM,53388
1995,MKE,17172
1995,MSP,136436
1995,OAK,65541
1995,OKC,22077
1995,OMA,18215
1995,ONT,40062
1995,PDX,48049
1995,PHL,91577
1995,RNO,20727
1995,SAN,65731
1995,SAT,38060
1995,SEA,92016
1995,SJC,39283
1995,SLC,84056
1995,SMF,36051
1995,SNA,36159
1995,TUL,20795
1995,TUS,18549
1995,MLI,1641
1995,ABE,7198
1995,ALB,11997
1995,AVP,2605
1995,AZO,2490
1995,BDL,25771
1995,BGM,1422
1995,BHM,18118
1995,BOS,92852
1995,BTV,3362
1995,BUF,19932
1995,BWI,66154
1995,CAK,1574
1995,CRW,2031
1995,DAY,14524
1995,DCA,86266
1995,ELM,1392
1995,ERI,1454
1995,EVV,709
1995,FLL,33641
1995,FNT,248
1995,FWA,3354
1995,GRR,9171
1995,GSO,32676
1995,HPN,6228
1995,HTS,615
1995,ISP,3111
1995,ITH,1056
1995,JAX,18184
1995,LAN,2365
1995,LEX,5070
1995,LGA,99225
1995,MDT,8648
1995,MDW,47985
1995,MHT,4629
1995,MIA,70581
1995,MSY,49179
1995,PHF,1016
1995,ROA,3312
1995,SBN,3560
1995,SDF,24094
1995,SWF,4402
1995,TOL,2461
1995,TYS,9509
1995,MLU,2209
1995,MOB,5378
1995,GEG,12230
1995,JNU,4130
1995,WRG,726
1995,STT,2874
1995,FAT,2507
1995,MLB,3171
1995,HNL,12537
1995,DAL,46570
1995,HRL,5752
1995,AGS,2387
1995,CHS,9228
1995,ANC,19040
1995,BRW,1024
1995,FAI,4843
1995,BOI,10174
1995,KTN,2589
1995,PSP,3132
1995,EUG,2173
1995,KOA,455
1995,MFR,1342
1995,MRY,1205
1995,OGG,2609
1995,SBA,1480
1995,PSG,725
1995,STX,1059
1995,BIL,3701
1995,BZN,2205
1995,GTF,2428
1995,HLN,1094
1995,IDA,1298
1995,JAC,1424
1995,MSO,1822
1995,PSC,1454
1995,BFL,455
1995,CID,5318
1995,DSM,9177
1995,FSD,4343
1995,LNK,3488
1995,SGF,1575
1995,SHV,4552
1995,BGR,1589
1995,TLH,4668
1995,CDV,726
1995,TWF,23
1995,EGE,690
1995,GSP,8835
1995,RST,3514
1995,BTR,4741
1995,HSV,6957
1995,VPS,1094
1995,CRP,4225
1995,BQN,734
1995,PIA,76
1995,MGM,2498
1995,PNS,6621
1995,FCA,1018
1995,BIS,1417
1995,DLH,1813
1995,FAR,2339
1995,GFK,1414
1995,GRB,2843
1995,HDN,556
1995,LSE,1392
1995,MOT,1091
1995,MSN,4640
1995,RAP,1077
1995,SUX,710
1995,OTZ,1022
1995,CAE,5714
1995,HVN,1081
1995,MBS,3861
1995,MTJ,45
1995,SAV,5763
1995,OME,1013
1995,AMA,4294
1995,DRO,102
1995,GUC,243
1995,JAN,4945
1995,MFE,4057
1995,AKN,475
1995,TVC,1055
1995,LBB,6338
1995,MAF,7512
1995,DAB,4364
1995,SCC,632
1995,SPN,105
1995,BRO,687
1995,SIT,1311
1995,YAK,726
1995,ANI,133
1995,ADQ,504
1995,BET,981
1995,DLG,367
1995,KSM,133
1995,AVL,2877
1995,CHA,3387
1995,CSG,971
1995,GNV,1473
1995,PFN,1320
1995,TRI,3056
1995,FAY,2188
1995,ILM,2204
1995,MYR,2720
1995,OAJ,369
1995,LFT,2
1995,DUT,379
1995,ACK,40
1995,GST,98
1995,LWB,4
1996,ATL,241609
1996,AUS,36658
1996,BNA,44370
1996,BUR,29624
1996,CLE,66451
1996,CLT,131181
1996,CMH,39611
1996,COS,16173
1996,CVG,86409
1996,DEN,131724
1996,DFW,249351
1996,DTW,154556
1996,ELP,26299
1996,EWR,118865
1996,HOU,56073
1996,IAD,37834
1996,IAH,123742
1996,ICT,7125
1996,IND,34177
1996,JFK,44064
1996,LAS,119602
1996,LAX,184108
1996,LGB,1470
1996,LIT,13920
1996,MCI,55149
1996,MCO,73362
1996,MDW,44616
1996,MEM,51707
1996,MKE,16256
1996,MSP,141924
1996,OAK,60898
1996,OKC,20461
1996,OMA,18313
1996,ONT,37667
1996,ORD,296234
1996,PDX,53676
1996,PHL,94304
1996,PIT,121299
1996,RNO,25394
1996,SAN,66624
1996,SAT,38649
1996,SEA,96266
1996,SFO,135678
1996,SJC,45548
1996,SLC,88332
1996,SMF,36989
1996,SNA,36858
1996,STL,178507
1996,TUL,19558
1996,TUS,18465
1996,ABE,7125
1996,ABQ,37956
1996,ALB,11304
1996,AVP,3094
1996,BDL,25644
1996,BGM,1378
1996,BHM,18849
1996,BOS,93213
1996,BTV,3347
1996,BUF,18601
1996,BWI,62517
1996,CAK,1087
1996,CRW,1658
1996,DAY,13510
1996,DCA,83417
1996,ELM,1321
1996,ERI,1425
1996,FLL,33447
1996,FWA,2153
1996,GRR,8964
1996,GSO,20494
1996,HPN,5985
1996,ISP,3223
1996,ITH,1208
1996,JAX,15570
1996,LEX,4264
1996,LGA,96585
1996,MDT,8601
1996,MHT,4344
1996,MIA,66838
1996,MSY,47132
1996,ORF,17123
1996,PBI,21803
1996,PHX,163323
1996,PVD,14120
1996,PWM,6232
1996,RDU,25949
1996,RIC,15753
1996,ROA,3118
1996,ROC,15800
1996,RSW,14934
1996,SBN,3574
1996,SDF,24519
1996,SRQ,7458
1996,SWF,4235
1996,SYR,11405
1996,TOL,2426
1996,TPA,49063
1996,TYS,9117
1996,MLU,2529
1996,GEG,14974
1996,JNU,4425
1996,WRG,726
1996,BGR,1259
1996,BOI,12114
1996,FAT,1978
1996,DAL,48142
1996,HRL,5182
1996,ANC,20673
1996,HNL,12590
1996,KTN,2636
1996,PSP,3036
1996,EUG,2282
1996,KOA,576
1996,MFR,1194
1996,MRY,731
1996,OGG,2769
1996,SBA,1390
1996,PSG,726
1996,STX,1098
1996,BIL,3549
1996,BZN,2256
1996,GTF,2441
1996,HLN,1005
1996,IDA,1094
1996,JAC,1553
1996,MSO,1829
1996,PSC,1459
1996,CID,5418
1996,DSM,8953
1996,FSD,4583
1996,JAN,6046
1996,LNK,3252
1996,MLI,1336
1996,SGF,1744
1996,SHV,4077
1996,SJU,19736
1996,STT,1931
1996,CDV,726
1996,CHS,7591
1996,EGE,960
1996,GSP,8915
1996,HSV,5869
1996,RST,3441
1996,BTR,4831
1996,VPS,1079
1996,MGM,2180
1996,FCA,1106
1996,AZO,2244
1996,BIS,1424
1996,DLH,1786
1996,FAR,2434
1996,GFK,1372
1996,GRB,3066
1996,HDN,601
1996,LSE,1146
1996,MOT,1095
1996,MSN,4428
1996,RAP,1223
1996,SUX,711
1996,PNS,6297
1996,OTZ,935
1996,HVN,286
1996,MBS,4096
1996,MTJ,61
1996,OME,988
1996,AMA,4792
1996,BFL,347
1996,DRO,109
1996,GUC,236
1996,MFE,3519
1996,AKN,453
1996,LAN,2118
1996,TVC,1058
1996,LBB,6872
1996,MAF,6692
1996,DAB,4031
1996,MLB,3295
1996,BRW,1008
1996,SPN,44
1996,CRP,3737
1996,BRO,600
1996,MOB,4188
1996,BQN,247
1996,SIT,1335
1996,YAK,726
1996,ANI,64
1996,ADQ,533
1996,BET,916
1996,DLG,351
1996,DUT,646
1996,FAI,4901
1996,KSM,64
1996,SCC,363
1996,AGS,2137
1996,CAE,6818
1996,GNV,1787
1996,SAV,5613
1996,TLH,2718
1996,AVL,1982
1996,CHA,1368
1996,FAY,2271
1996,ILM,2168
1996,MYR,2449
1996,TRI,2053
1996,LFT,383
1996,ALO,469
1996,LWB,80
1996,ACK,25
1996,GST,91
1996,FNT,207
1997,ABQ,37604
1997,ATL,250222
1997,AUS,37671
1997,BNA,48720
1997,BOS,98268
1997,BUR,29115
1997,CLE,63615
1997,CLT,128718
1997,CMH,41309
1997,COS,15986
1997,CVG,85287
1997,DEN,135202
1997,DFW,251115
1997,DTW,155568
1997,ELP,24990
1997,EWR,121785
1997,HOU,55492
1997,IAD,39140
1997,IAH,124263
1997,ICT,7831
1997,IND,35318
1997,JFK,39707
1997,LAS,121022
1997,LAX,188094
1997,LGB,2522
1997,LIT,13516
1997,MCI,56957
1997,MCO,89861
1997,MEM,50730
1997,MIA,64464
1997,MKE,15403
1997,MSP,138087
1997,OAK,58734
1997,OKC,20747
1997,OMA,17501
1997,ONT,36479
1997,ORD,297490
1997,PDX,55615
1997,PHL,108829
1997,PIT,117442
1997,RNO,27392
1997,SAN,67801
1997,SAT,38554
1997,SEA,97653
1997,SFO,138191
1997,SJC,48009
1997,SLC,87665
1997,SMF,37146
1997,SNA,35468
1997,STL,177067
1997,TUL,18849
1997,TUS,18316
1997,ABE,6865
1997,ALB,11179
1997,AVP,1944
1997,BDL,26820
1997,BGM,1171
1997,BHM,18922
1997,BTV,2945
1997,BUF,18009
1997,BWI,64603
1997,CAK,1067
1997,CRW,1707
1997,DAY,11964
1997,DCA,84301
1997,ELM,1332
1997,ERI,1405
1997,FLL,38960
1997,GRR,8888
1997,GSO,14888
1997,HPN,5907
1997,ISP,2598
1997,ITH,1331
1997,JAX,21529
1997,LEX,4171
1997,LGA,96444
1997,MDT,7806
1997,MHT,4897
1997,MSY,47701
1997,ORF,16781
1997,PBI,22520
1997,PHX,167020
1997,PVD,20462
1997,PWM,6579
1997,RDU,26714
1997,RIC,15825
1997,ROA,2779
1997,ROC,15129
1997,RSW,14980
1997,SBN,3510
1997,SDF,25651
1997,SRQ,6797
1997,SWF,3568
1997,SYR,11227
1997,TOL,2442
1997,TPA,52392
1997,MLU,2190
1997,MOB,4370
1997,GEG,15413
1997,JNU,4251
1997,WRG,724
1997,BGR,1256
1997,MDW,44167
1997,BOI,11922
1997,FAT,1825
1997,DAL,47450
1997,HRL,4290
1997,AGS,2183
1997,ANC,19988
1997,HNL,11784
1997,KTN,2560
1997,PSP,3479
1997,EUG,2276
1997,KOA,729
1997,MFR,1254
1997,MRY,724
1997,OGG,2914
1997,SBA,1399
1997,JAN,7201
1997,PSG,724
1997,STT,2108
1997,STX,1095
1997,BIL,3467
1997,BZN,2103
1997,FCA,1204
1997,GTF,2461
1997,HLN,851
1997,IDA,1074
1997,JAC,1623
1997,MSO,1824
1997,PSC,1460
1997,CID,5753
1997,DSM,7785
1997,FSD,4027
1997,HDN,721
1997,LNK,2817
1997,MLI,1530
1997,SGF,1718
1997,SHV,3893
1997,SJU,20065
1997,TYS,8895
1997,FWA,2067
1997,CDV,724
1997,CHS,7424
1997,EGE,1164
1997,GSP,7715
1997,HSV,6070
1997,BTR,4669
1997,VPS,1073
1997,MGM,2183
1997,PNS,6366
1997,AZO,1802
1997,BIS,1429
1997,DLH,1458
1997,FAR,2413
1997,GFK,1206
1997,GRB,2751
1997,LSE,864
1997,MBS,4245
1997,MOT,1091
1997,MSN,4526
1997,RAP,1117
1997,RST,3137
1997,SUX,686
1997,OTZ,936
1997,MTJ,156
1997,OME,951
1997,DRO,105
1997,GUC,199
1997,MFE,3335
1997,AKN,456
1997,FNT,1101
1997,LAN,2132
1997,TVC,1037
1997,LBB,7053
1997,MAF,6509
1997,CAE,6039
1997,DAB,3588
1997,MLB,2885
1997,BRW,922
1997,CRP,3568
1997,BRO,472
1997,LFT,524
1997,SIT,1325
1997,YAK,724
1997,AMA,4862
1997,ADQ,719
1997,BET,951
1997,DLG,417
1997,DUT,612
1997,FAI,4828
1997,SCC,362
1997,GNV,1356
1997,SAV,5409
1997,TLH,2551
1997,AVL,2000
1997,CHA,1359
1997,FAY,1829
1997,ILM,2148
1997,MYR,2271
1997,TRI,1723
1997,LWB,85
1997,BFL,251
1997,GST,90
1997,ACK,16
1998,AUS,39533
1998,BNA,51217
1998,BOS,98415
1998,BUR,28095
1998,BWI,69983
1998,CLE,61075
1998,CLT,124977
1998,CMH,39737
1998,COS,12235
1998,CVG,80620
1998,DEN,136349
1998,DFW,244013
1998,DTW,153413
1998,ELP,25049
1998,EWR,120213
1998,HOU,57122
1998,IAD,43998
1998,IAH,125122
1998,ICT,7477
1998,IND,33810
1998,JFK,42634
1998,LAS,119377
1998,LAX,184078
1998,LGB,3118
1998,LIT,13297
1998,MCI,58474
1998,MCO,92028
1998,MEM,51371
1998,MIA,64934
1998,MKE,15270
1998,MSP,136693
1998,MSY,49983
1998,OAK,56002
1998,OKC,20092
1998,OMA,16639
1998,ONT,35410
1998,ORD,294896
1998,PDX,55741
1998,PHL,111999
1998,PIT,110172
1998,PSP,4216
1998,RNO,26271
1998,SAN,67143
1998,SAT,37478
1998,SDF,24117
1998,SEA,98314
1998,SFO,139853
1998,SJC,49200
1998,SLC,85084
1998,SMF,36431
1998,SNA,34683
1998,STL,176030
1998,TUL,18766
1998,TUS,18320
1998,ABE,6236
1998,ALB,11276
1998,ATL,255380
1998,AVP,1795
1998,BDL,26445
1998,BGM,1046
1998,BHM,19490
1998,BTV,2738
1998,BUF,18068
1998,CAK,1075
1998,CRW,1649
1998,DAY,10553
1998,DCA,83901
1998,ELM,1325
1998,ERI,1402
1998,FLL,41370
1998,GRR,8919
1998,GSO,15046
1998,HPN,4668
1998,ITH,1325
1998,JAX,22099
1998,LEX,3936
1998,LGA,94404
1998,MDT,7711
1998,MHT,9464
1998,ORF,16321
1998,PBI,22025
1998,PHX,171001
1998,PVD,21743
1998,PWM,6615
1998,RDU,27634
1998,RIC,15107
1998,ROA,2492
1998,ROC,14611
1998,RSW,14040
1998,SBN,3356
1998,SJU,20275
1998,SYR,11145
1998,TOL,1895
1998,TPA,54571
1998,MLU,2188
1998,MOB,4297
1998,GEG,14177
1998,JNU,4479
1998,WRG,726
1998,BGR,1095
1998,MDW,45993
1998,BOI,11657
1998,FAT,1155
1998,ABQ,36320
1998,DAL,48235
1998,HRL,4170
1998,AGS,1907
1998,ANC,20518
1998,HNL,11568
1998,KTN,2581
1998,EUG,2271
1998,KOA,732
1998,MFR,1359
1998,MRY,722
1998,OGG,3011
1998,SBA,1430
1998,JAN,9078
1998,PSG,726
1998,STT,2219
1998,STX,985
1998,BIL,2878
1998,BZN,1944
1998,FCA,1006
1998,GTF,2421
1998,HLN,849
1998,IDA,817
1998,JAC,1605
1998,MSO,1823
1998,PSC,1456
1998,CID,5528
1998,DSM,7023
1998,FSD,3882
1998,HDN,642
1998,LNK,2817
1998,MLI,1711
1998,SGF,1812
1998,SHV,3884
1998,SRQ,5985
1998,TYS,8244
1998,FWA,1426
1998,CDV,720
1998,EGE,1280
1998,GSP,6945
1998,HSV,5915
1998,ISP,2295
1998,BTR,4679
1998,VPS,1085
1998,MGM,1906
1998,PNS,6522
1998,AZO,1560
1998,BIS,1413
1998,DLH,1245
1998,FAR,2385
1998,GFK,1128
1998,GRB,2567
1998,LSE,631
1998,MBS,3929
1998,MOT,1084
1998,MSN,4613
1998,RAP,1121
1998,RST,2279
1998,SUX,687
1998,OTZ,894
1998,MTJ,202
1998,SWF,1932
1998,OME,934
1998,AMA,4847
1998,DRO,110
1998,GUC,222
1998,MFE,3169
1998,AKN,431
1998,FNT,1390
1998,LAN,2118
1998,TVC,1001
1998,LBB,6663
1998,MAF,6470
1998,CAE,5616
1998,CHS,7231
1998,DAB,2936
1998,BRW,946
1998,CRP,3067
1998,BRO,362
1998,LFT,160
1998,SIT,1323
1998,YAK,726
1998,ADQ,726
1998,BET,984
1998,DLG,397
1998,DUT,675
1998,FAI,5390
1998,SCC,517
1998,MLB,2411
1998,SAV,5133
1998,TLH,2483
1998,AVL,1783
1998,CHA,1089
1998,FAY,1470
1998,ILM,2119
1998,MYR,2408
1998,TRI,1404
1998,MKK,1
1998,BFL,239
1998,LWB,76
1998,GST,105
1998,ACK,22
1998,LIH,205
1998,GPT,274
1999,RIC,16545
1999,ROC,14894
1999,RSW,13749
1999,SAN,68244
1999,SDF,22869
1999,SEA,103160
1999,SFO,136952
1999,SJU,21406
1999,SLC,81818
1999,STL,175708
1999,STX,1064
1999,SYR,11252
1999,TPA,60186
1999,ABQ,37276
1999,ATL,263865
1999,AUS,44351
1999,BNA,54544
1999,BOS,107790
1999,BUR,27872
1999,BWI,81671
1999,CLE,58434
1999,CLT,120589
1999,CMH,37360
1999,COS,12073
1999,CVG,77278
1999,DEN,135777
1999,DFW,245036
1999,DTW,154172
1999,ELP,24660
1999,EWR,125810
1999,HOU,57327
1999,IAD,70977
1999,IAH,129472
1999,ICT,6407
1999,IND,34471
1999,JFK,44949
1999,LAS,125125
1999,LAX,191762
1999,LGB,3329
1999,LIT,13031
1999,MCI,60167
1999,MCO,97926
1999,MIA,66299
1999,MKE,15407
1999,MSP,143419
1999,MSY,49391
1999,OAK,55489
1999,OKC,20247
1999,OMA,16894
1999,ONT,34751
1999,ORD,298251
1999,PDX,56978
1999,PHL,115235
1999,PIT,101312
1999,RNO,29498
1999,SAT,38066
1999,SJC,56219
1999,SMF,36625
1999,SNA,38154
1999,TUL,18906
1999,TUS,19360
1999,ABE,6089
1999,ALB,11644
1999,AVP,1719
1999,BDL,31954
1999,BGM,1035
1999,BTV,2676
1999,BUF,18876
1999,CAK,1018
1999,CRW,1319
1999,DAY,10685
1999,DCA,82498
1999,ELM,1306
1999,ERI,1371
1999,FLL,45729
1999,GRR,8794
1999,GSO,15018
1999,HPN,4961
1999,ITH,1306
1999,LEX,3733
1999,LGA,98422
1999,MDT,7603
1999,MHT,12945
1999,ORF,15954
1999,PBI,22016
1999,PHX,177701
1999,PVD,22934
1999,PWM,5924
1999,RDU,34033
1999,ROA,2409
1999,SBN,2929
1999,TOL,1035
1999,JAX,23053
1999,MLU,2180
1999,MOB,4311
1999,GEG,13495
1999,JNU,4482
1999,WRG,726
1999,BGR,180
1999,MDW,50491
1999,BOI,11504
1999,MEM,50963
1999,DAL,50118
1999,HRL,4150
1999,AGS,1452
1999,ANC,20807
1999,FAI,5514
1999,BHM,20889
1999,HNL,11232
1999,KTN,2440
1999,PSP,3944
1999,EGE,1129
1999,EUG,2175
1999,KOA,733
1999,MFR,1300
1999,MRY,717
1999,OGG,3047
1999,SBA,1677
1999,JAN,9310
1999,STT,2644
1999,BIL,2907
1999,BZN,1702
1999,FCA,1252
1999,GTF,2415
1999,HLN,850
1999,MSO,2144
1999,PSC,1443
1999,CID,5369
1999,DSM,6895
1999,FSD,3865
1999,HDN,611
1999,LNK,3034
1999,MLI,1884
1999,SGF,2056
1999,SHV,3873
1999,SRQ,5214
1999,TYS,6748
1999,PSG,726
1999,CDV,726
1999,GSP,6932
1999,ISP,6187
1999,BTR,4668
1999,GPT,1093
1999,VPS,1093
1999,HSV,5860
1999,MGM,1271
1999,PNS,6071
1999,AZO,1648
1999,BIS,1421
1999,DLH,1129
1999,FAR,2578
1999,FNT,1250
1999,GFK,1105
1999,GRB,2429
1999,LSE,651
1999,MBS,3786
1999,MOT,1092
1999,MSN,4567
1999,RAP,1195
1999,RST,2195
1999,SUX,691
1999,OTZ,890
1999,JAC,810
1999,SWF,1366
1999,OME,923
1999,AMA,4794
1999,DRO,112
1999,FAT,364
1999,GUC,213
1999,MFE,3415
1999,AKN,343
1999,FWA,432
1999,LAN,2131
1999,TVC,962
1999,LBB,5999
1999,MAF,6377
1999,CHS,6974
1999,DAB,2363
1999,MTJ,300
1999,BRW,952
1999,CRP,3016
1999,BRO,93
1999,SIT,1330
1999,YAK,725
1999,LIH,403
1999,ADQ,725
1999,BET,1030
1999,DLG,317
1999,DUT,706
1999,SCC,588
1999,CAE,4842
1999,MLB,1796
1999,SAV,5082
1999,TLH,2344
1999,AVL,1423
1999,CHA,1007
1999,FAY,1412
1999,ILM,2075
1999,MYR,2159
1999,TRI,1360
1999,LFT,2
1999,PIA,537
1999,BFL,239
1999,LWB,81
1999,GST,98
2000,ATL,265708
2000,AUS,42686
2000,BHM,19875
2000,BNA,57676
2000,BOS,113056
2000,BUR,27717
2000,BWI,91220
2000,CLE,55591
2000,CLT,130623
2000,CMH,35654
2000,COS,12404
2000,CVG,73816
2000,DEN,137302
2000,DFW,246913
2000,DTW,153510
2000,ELP,23686
2000,EWR,124496
2000,FLL,50585
2000,HOU,56314
2000,IAD,65462
2000,IAH,131047
2000,ICT,6541
2000,IND,35261
2000,JFK,45578
2000,LAS,137763
2000,LAX,212118
2000,LGB,3675
2000,LIT,13543
2000,MCI,62080
2000,MCO,99951
2000,MDW,53329
2000,MEM,54495
2000,MIA,66914
2000,MKE,15411
2000,MSP,147284
2000,MSY,51199
2000,OAK,57103
2000,OKC,19878
2000,OMA,17262
2000,ONT,35722
2000,ORD,296771
2000,PDX,57253
2000,PHL,121151
2000,PIT,106238
2000,PVD,25985
2000,RNO,30672
2000,SAN,72706
2000,SAT,38704
2000,SDF,22476
2000,SEA,104910
2000,SFO,135032
2000,SJC,67715
2000,SLC,80496
2000,SMF,38814
2000,SNA,43556
2000,STL,169606
2000,TPA,64645
2000,TUL,19942
2000,TUS,20109
2000,ABE,6302
2000,ALB,13683
2000,AVP,1524
2000,BDL,36520
2000,BGM,796
2000,BTV,2634
2000,BUF,19102
2000,CAK,1052
2000,CRW,1146
2000,DAY,11168
2000,DCA,85932
2000,ELM,1406
2000,ERI,1440
2000,GRR,8006
2000,GSO,15149
2000,HPN,5006
2000,ITH,1407
2000,LEX,3519
2000,LGA,104177
2000,MDT,7344
2000,MHT,13731
2000,ORF,15983
2000,PBI,22995
2000,PHX,188928
2000,PWM,6107
2000,RDU,35998
2000,RIC,17362
2000,ROA,2217
2000,ROC,13950
2000,RSW,14954
2000,SBN,2016
2000,SJU,25153
2000,SYR,11376
2000,TOL,901
2000,JAX,24639
2000,MLU,2154
2000,MOB,4304
2000,GEG,13250
2000,JNU,4491
2000,WRG,728
2000,BOI,12567
2000,ABQ,36447
2000,DAL,48534
2000,HRL,4167
2000,ANC,20782
2000,FAI,5379
2000,HNL,16897
2000,KTN,2507
2000,PSP,4663
2000,EGE,1192
2000,EUG,2148
2000,KOA,2500
2000,LIH,2101
2000,MFR,1539
2000,MRY,341
2000,OGG,5621
2000,SBA,2601
2000,JAN,9038
2000,STT,2770
2000,BIL,3026
2000,BZN,1856
2000,FCA,1580
2000,GTF,2338
2000,HLN,718
2000,JAC,863
2000,MSO,1865
2000,PSC,1454
2000,CID,5146
2000,DSM,6682
2000,FSD,3488
2000,HDN,691
2000,LNK,2743
2000,MLI,1962
2000,PIA,18
2000,SGF,2065
2000,SHV,3520
2000,SRQ,4942
2000,TYS,6950
2000,ISP,8440
2000,PSG,728
2000,CDV,728
2000,GSP,6896
2000,BTR,4449
2000,GPT,1079
2000,VPS,1310
2000,STX,732
2000,HSV,5770
2000,MGM,991
2000,PNS,5734
2000,AZO,1039
2000,BIS,1422
2000,DLH,1031
2000,FAR,2346
2000,GFK,1023
2000,GRB,2904
2000,LAN,2460
2000,LSE,439
2000,MBS,3912
2000,MOT,1006
2000,MSN,3976
2000,RAP,1275
2000,RST,2235
2000,SUX,691
2000,OTZ,882
2000,SWF,1278
2000,OME,940
2000,DRO,118
2000,FAT,366
2000,GUC,221
2000,MFE,3519
2000,AKN,324
2000,FNT,1279
2000,FWA,445
2000,TVC,1111
2000,LBB,5681
2000,MAF,5345
2000,CHS,6969
2000,DAB,2037
2000,MTJ,198
2000,MYR,2745
2000,SAV,5377
2000,BRW,959
2000,CRP,3096
2000,SIT,1310
2000,YAK,728
2000,AMA,4790
2000,ADQ,728
2000,BET,1036
2000,DLG,302
2000,DUT,662
2000,SCC,382
2000,AGS,993
2000,CAE,4885
2000,MLB,1452
2000,TLH,2118
2000,AVL,1584
2000,CHA,1075
2000,FAY,1414
2000,ILM,2195
2000,TRI,1152
2000,BRO,55
2000,LFT,7
2000,LWB,82
2000,GST,91
2000,MIB,89
2000,ITO,914
2000,BQN,17
2001,BWI,99834
2001,PHL,119686
2001,CLT,128349
2001,CLE,53463
2001,MKE,17926
2001,PIT,106361
2001,TPA,68644
2001,LGA,116470
2001,DFW,312036
2001,BUF,20388
2001,BOS,133013
2001,ROC,15270
2001,DCA,82472
2001,MHT,16106
2001,CRW,827
2001,MEM,55240
2001,DTW,148767
2001,CMH,39195
2001,GSO,14992
2001,IAD,54869
2001,IAH,128581
2001,BHM,18777
2001,HPN,7553
2001,CHS,6111
2001,STL,162187
2001,AVP,1446
2001,ATL,251671
2001,GSP,7255
2001,RDU,39074
2001,MCI,61301
2001,ORF,18512
2001,MYR,2869
2001,ALB,16349
2001,RIC,18366
2001,BNA,56294
2001,PVD,29785
2001,BGM,376
2001,TOL,2241
2001,SAV,6735
2001,ROA,1640
2001,IND,37871
2001,MDT,6827
2001,BTV,4442
2001,ELM,966
2001,ITH,966
2001,JAX,26398
2001,PBI,25969
2001,SRQ,4523
2001,MSY,51055
2001,FLL,53145
2001,EWR,120522
2001,GRR,11009
2001,MSP,142507
2001,ORD,341284
2001,ABE,5262
2001,LAS,136107
2001,BDL,36003
2001,MIA,75838
2001,MCO,99006
2001,CAE,3477
2001,ILM,2135
2001,SFO,121735
2001,SJU,26452
2001,SDF,21131
2001,RSW,17857
2001,DAY,11082
2001,SYR,11137
2001,PNS,5231
2001,AVL,1586
2001,CAK,950
2001,SBN,1332
2001,ERI,1454
2001,HSV,5638
2001,CHA,1862
2001,SEA,102752
2001,TYS,5567
2001,FAY,532
2001,LEX,2949
2001,STT,3360
2001,PWM,9844
2001,TRI,548
2001,STX,908
2001,MDW,50427
2001,DAL,47923
2001,HOU,59416
2001,OKC,21780
2001,HRL,5054
2001,LIT,15765
2001,CRP,5359
2001,TUL,22776
2001,LBB,8328
2001,MAF,7477
2001,ABQ,36248
2001,AMA,6138
2001,PHX,184323
2001,SAN,81937
2001,SMF,40199
2001,ISP,11929
2001,LAX,224984
2001,AUS,42912
2001,PDX,55092
2001,ELP,21569
2001,OAK,62763
2001,ONT,35682
2001,SJC,72328
2001,JAN,9132
2001,RNO,25869
2001,BOI,12076
2001,TUS,19549
2001,BUR,26761
2001,SAT,37085
2001,SLC,76404
2001,GEG,12479
2001,OMA,18744
2001,SNA,43433
2001,MSN,6374
2001,MBS,2946
2001,FAR,1745
2001,ICT,7873
2001,GPT,867
2001,VPS,1727
2001,DEN,132591
2001,TVC,2536
2001,FNT,1140
2001,GRB,3905
2001,GFK,568
2001,MOT,1093
2001,BIS,1389
2001,AZO,2647
2001,LAN,2614
2001,BZN,1658
2001,FCA,1579
2001,DLH,1922
2001,DSM,8806
2001,FSD,3019
2001,FWA,2614
2001,GTF,2220
2001,CVG,66264
2001,SUX,273
2001,RAP,1335
2001,LSE,1756
2001,ANC,21186
2001,HNL,34340
2001,RST,2185
2001,BIL,3124
2001,BTR,5028
2001,EGE,1101
2001,MSO,1912
2001,JFK,61457
2001,COS,11176
2001,PSP,7716
2001,HDN,595
2001,OGG,14665
2001,SGF,5050
2001,MFE,3368
2001,LNK,1402
2001,CID,7159
2001,MLI,2030
2001,KOA,7508
2001,LIH,7878
2001,JAC,819
2001,EUG,1945
2001,GUC,225
2001,MFR,1371
2001,SBA,5821
2001,MOB,3323
2001,DAB,1807
2001,MLU,1574
2001,SHV,6014
2001,MLB,1663
2001,TLH,1480
2001,PSC,1081
2001,FAI,5413
2001,HLN,848
2001,LGB,2827
2001,BFL,1669
2001,FAT,3752
2001,SBP,2474
2001,MRY,2319
2001,ABI,2567
2001,XNA,5882
2001,TXK,1737
2001,FSM,2890
2001,ACT,2686
2001,LFT,2133
2001,LRD,1501
2001,SPS,1997
2001,GGG,1733
2001,BPT,1728
2001,ILE,3189
2001,LAW,2327
2001,SJT,2256
2001,CLL,2553
2001,TYR,3187
2001,PIA,1770
2001,BMI,1434
2001,EVV,1738
2001,CMI,1829
2001,DBQ,1321
2001,BGR,3708
2001,ORH,997
2001,APF,364
2001,EYW,2744
2001,SWF,1192
2001,MTJ,263
2001,DRO,138
2001,ITO,4073
2001,DUT,608
2001,ADQ,726
2001,BET,1153
2001,OME,1010
2001,OTZ,977
2001,SCC,466
2001,JNU,4582
2001,KTN,2520
2001,CDV,725
2001,YAK,726
2001,SIT,1379
2001,PSG,726
2001,WRG,726
2001,BRW,868
2001,BQN,259
2001,BRO,254
2001,MQT,299
2001,ACY,1
2001,AKN,284
2001,DLG,264
2001,LWB,77
2001,GST,91
2001,RDR,46
2001,MAZ,119
2002,PIT,81403
2002,PHL,107756
2002,STL,132565
2002,CLT,110747
2002,MHT,15211
2002,BNA,49883
2002,ROC,9250
2002,SFO,99288
2002,GSO,9930
2002,RDU,45938
2002,IAH,119677
2002,SAV,5655
2002,BWI,86856
2002,DCA,69264
2002,PBI,21206
2002,DTW,140681
2002,MCI,56571
2002,BOS,109820
2002,AVP,1375
2002,ORD,327388
2002,IND,32599
2002,CLE,44584
2002,ORF,18604
2002,MCO,81485
2002,TPA,62319
2002,BUF,15709
2002,SJU,23728
2002,MSY,49371
2002,ATL,231928
2002,FLL,49237
2002,EWR,102416
2002,MYR,2563
2002,MKE,15190
2002,BDL,33219
2002,MSP,141540
2002,RIC,14121
2002,MDT,5676
2002,SDF,17887
2002,BHM,17398
2002,CMH,35485
2002,PVD,27144
2002,CHS,4487
2002,ALB,13961
2002,PNS,3963
2002,IAD,44435
2002,PWM,7267
2002,LGA,93561
2002,AVL,980
2002,MIA,62837
2002,DFW,281299
2002,MEM,47983
2002,RSW,13825
2002,DAY,8217
2002,ILM,1988
2002,SYR,9211
2002,SAN,74950
2002,BTV,3024
2002,ERI,20
2002,JAX,23747
2002,SEA,100584
2002,HPN,5650
2002,STT,3168
2002,STX,731
2002,DAL,43191
2002,HOU,55236
2002,LBB,7678
2002,LIT,13741
2002,CRP,4632
2002,TUL,20090
2002,HRL,4123
2002,MAF,7184
2002,AMA,6320
2002,OKC,19889
2002,ABQ,36240
2002,ELP,20928
2002,SMF,39604
2002,LAX,182401
2002,PHX,173942
2002,AUS,39202
2002,MDW,52445
2002,SLC,70024
2002,LAS,130594
2002,ONT,32899
2002,SJC,61017
2002,ISP,10697
2002,PDX,50635
2002,JAN,6896
2002,RNO,23951
2002,BUR,25602
2002,OAK,61533
2002,BOI,10982
2002,TUS,16222
2002,SAT,36521
2002,GEG,12172
2002,SNA,42324
2002,OMA,17586
2002,BGR,3127
2002,JFK,50421
2002,EYW,1636
2002,GRR,10231
2002,MSN,6244
2002,FSD,2099
2002,FAR,2405
2002,BIS,1427
2002,MBS,1956
2002,COS,8324
2002,TVC,2299
2002,RAP,1258
2002,VPS,2353
2002,RST,2358
2002,ABE,2090
2002,GRB,4506
2002,DEN,120274
2002,DLH,2069
2002,BZN,1634
2002,FCA,1549
2002,MOT,1094
2002,GFK,938
2002,FNT,990
2002,LAN,2727
2002,GTF,2071
2002,ANC,21094
2002,CVG,61586
2002,HNL,11036
2002,BIL,2881
2002,SRQ,3455
2002,GPT,1015
2002,MSO,1896
2002,DSM,8458
2002,LSE,1879
2002,BTR,3459
2002,PSP,5997
2002,AZO,1981
2002,GSP,4697
2002,HDN,635
2002,EGE,1072
2002,LIH,1008
2002,OGG,3929
2002,KOA,1671
2002,ICT,5373
2002,CID,4764
2002,EUG,1235
2002,MFR,1083
2002,JAC,1082
2002,GUC,212
2002,MOB,2018
2002,LEX,1697
2002,AGS,3
2002,HSV,3478
2002,MLU,283
2002,MLB,1338
2002,SHV,4667
2002,HLN,795
2002,DAB,1444
2002,TLH,1478
2002,TYS,4075
2002,CAE,1783
2002,PSC,721
2002,CAK,327
2002,LGB,3237
2002,SBP,2436
2002,SBA,3302
2002,FAT,3320
2002,MRY,1803
2002,ABI,2437
2002,ACT,2390
2002,TXK,1264
2002,FSM,2787
2002,ILE,3161
2002,LAW,2318
2002,LRD,1574
2002,BPT,384
2002,GGG,1404
2002,LFT,671
2002,SGF,4403
2002,SJT,2103
2002,XNA,5178
2002,SPS,2065
2002,CLL,2178
2002,FWA,2356
2002,TYR,2845
2002,DRO,354
2002,MAZ,30
2002,ORH,284
2002,CMI,1752
2002,BMI,901
2002,PIA,1438
2002,EVV,1573
2002,DBQ,1064
2002,TOL,1793
2002,MQT,267
2002,CHA,842
2002,MFE,2910
2002,SWF,1289
2002,MTJ,334
2002,MLI,1603
2002,DUT,738
2002,ADQ,726
2002,BET,1399
2002,OME,1082
2002,OTZ,1080
2002,SCC,477
2002,JNU,4593
2002,KTN,2499
2002,CDV,726
2002,YAK,726
2002,SIT,1386
2002,PSG,726
2002,WRG,726
2002,FAI,5373
2002,AKN,322
2002,DLG,308
2002,BRW,751
2002,BQN,246
2002,BRO,249
2002,SBN,343
2002,GST,91
2002,SUX,1
2003,ORD,366705
2003,OAK,67279
2003,IAD,103386
2003,BOS,115460
2003,SAN,82700
2003,SJC,62884
2003,DEN,141824
2003,BUF,21762
2003,STL,100904
2003,PDX,55450
2003,CLE,90094
2003,TPA,66671
2003,DAY,12919
2003,EWR,150412
2003,ATL,368743
2003,DTW,139844
2003,LAS,143179
2003,AUS,41015
2003,IND,41617
2003,OKC,23844
2003,BOI,15038
2003,DFW,332579
2003,PHL,108742
2003,SFO,122334
2003,PHX,169895
2003,SEA,104605
2003,MCI,59533
2003,MHT,19246
2003,IAH,185182
2003,ONT,35459
2003,GEG,14489
2003,GRR,12801
2003,PIT,65090
2003,MIA,61692
2003,SLC,125545
2003,SYR,12785
2003,BIL,4339
2003,TUS,18311
2003,PVD,27945
2003,BUR,26362
2003,LAX,223971
2003,MSP,144836
2003,CMH,35356
2003,MCO,93171
2003,ABQ,36708
2003,DSM,9331
2003,MSY,52334
2003,RSW,18981
2003,SMF,46747
2003,RNO,27591
2003,OMA,20355
2003,TUL,21850
2003,BDL,33567
2003,BWI,99255
2003,JAC,4156
2003,CVG,92595
2003,ALB,17098
2003,ROC,15590
2003,SNA,46647
2003,EUG,3949
2003,SAT,39083
2003,ICT,10090
2003,CLT,103417
2003,MDT,8435
2003,GSO,14157
2003,HDN,643
2003,BTV,7188
2003,FLL,60478
2003,RIC,15711
2003,COS,11952
2003,MFR,4250
2003,PBI,25165
2003,ANC,21013
2003,CID,5462
2003,LIH,2506
2003,KOA,2386
2003,OGG,6274
2003,HNL,15660
2003,SJU,24219
2003,STT,3116
2003,JFK,74506
2003,GUC,229
2003,MTJ,2188
2003,DCA,79120
2003,LGA,106731
2003,CHS,9900
2003,ILM,3337
2003,PNS,6815
2003,MEM,50037
2003,MYR,5565
2003,BNA,55585
2003,BHM,19233
2003,SAV,8850
2003,RDU,51341
2003,ABE,4071
2003,ORF,22365
2003,SRQ,4206
2003,MKE,20946
2003,JAX,26048
2003,PWM,9783
2003,AVP,865
2003,STX,630
2003,AMA,8368
2003,CRP,7863
2003,DAL,45393
2003,ELP,20174
2003,HOU,57375
2003,HRL,5711
2003,ISP,10785
2003,JAN,10117
2003,LBB,9913
2003,LIT,16198
2003,MAF,8253
2003,MDW,85831
2003,SDF,20800
2003,BGR,4077
2003,HPN,8273
2003,DLH,1207
2003,MOT,1104
2003,GFK,898
2003,RST,1910
2003,MSN,7583
2003,LAN,4845
2003,VPS,5412
2003,MBS,3939
2003,FNT,3246
2003,FAR,4220
2003,BZN,4043
2003,FSD,3305
2003,BIS,1846
2003,GPT,5747
2003,RAP,4093
2003,FCA,1865
2003,GTF,2680
2003,HLN,1301
2003,LSE,1651
2003,GRB,4707
2003,GSP,11970
2003,AZO,3202
2003,MSO,3268
2003,PSP,12369
2003,EGE,1093
2003,CPR,2121
2003,CDC,1070
2003,SGU,3107
2003,COD,839
2003,EKO,3007
2003,GJT,3881
2003,SUN,3201
2003,IDA,3317
2003,PIH,1806
2003,TWF,2034
2003,BTM,1377
2003,PSC,3174
2003,MOB,4949
2003,TLH,3734
2003,MGM,3645
2003,FAT,13645
2003,SBA,11008
2003,BFL,2758
2003,CLD,2139
2003,IPL,744
2003,IYK,1074
2003,MRY,7437
2003,VIS,869
2003,OXR,1750
2003,SBP,5596
2003,SMX,2131
2003,YUM,1351
2003,DRO,1549
2003,ACV,4027
2003,CEC,1203
2003,CIC,1092
2003,MOD,1383
2003,RDD,2243
2003,RDM,2588
2003,SGF,4216
2003,PIA,3758
2003,OGD,1
2003,SHV,8186
2003,LEX,6808
2003,TYS,10656
2003,AEX,3261
2003,AVL,3680
2003,BPT,1601
2003,BRO,1736
2003,BTR,7494
2003,CAE,9492
2003,CLL,3255
2003,CRW,5551
2003,DAB,3013
2003,EFD,1572
2003,HSV,6798
2003,ILE,4508
2003,LCH,1546
2003,LFT,3966
2003,LRD,2300
2003,MLU,3509
2003,VCT,896
2003,XNA,10400
2003,PIE,2466
2003,MLB,2354
2003,GNV,2431
2003,TRI,2980
2003,MCN,1753
2003,MEI,1578
2003,EVV,4284
2003,VLD,1481
2003,CHA,3836
2003,AGS,4321
2003,GTR,1985
2003,PFN,3242
2003,FAY,1770
2003,CSG,2197
2003,ROA,4846
2003,BQK,1423
2003,LYH,1095
2003,DHN,1818
2003,PHF,4395
2003,FLO,1056
2003,CAK,4453
2003,ABY,1449
2003,HTS,1095
2003,SBN,3027
2003,TXK,1796
2003,FWA,6097
2003,TOL,4429
2003,CHO,2649
2003,SWF,1807
2003,EYW,809
2003,TYR,3025
2003,BMI,1954
2003,MLI,2722
2003,LGB,10560
2003,ABI,2529
2003,ACT,2736
2003,SPS,2059
2003,FSM,2207
2003,LAW,2132
2003,SJT,2379
2003,GGG,1289
2003,CMI,1948
2003,DBQ,1074
2003,TVC,2211
2003,MQT,311
2003,MFE,3063
2003,FAI,5420
2003,DUT,689
2003,ADQ,726
2003,BET,1175
2003,OME,1074
2003,OTZ,1072
2003,SCC,404
2003,JNU,4504
2003,KTN,2479
2003,CDV,726
2003,YAK,726
2003,SIT,1296
2003,PSG,726
2003,WRG,726
2003,AKN,347
2003,DLG,283
2003,BRW,724
2003,BQN,294
2003,ATW,1087
2003,SCE,1455
2003,BGM,1184
2003,ACY,132
2003,LNK,1746
2003,SUX,1
2003,FMN,2
2003,ADK,74
2003,LWB,193
2003,WYS,333
2003,CYS,1
2003,ACK,193
2003,GST,91
2003,BFF,1
2003,LNY,61
2003,MKK,61
2003,ITO,357
2003,ERI,61
2004,ORD,376170
2004,OAK,70850
2004,DEN,155205
2004,OKC,22465
2004,SAT,38631
2004,SJC,62916
2004,SMF,48633
2004,CLT,107662
2004,LAS,158177
2004,SAN,86096
2004,MSY,53167
2004,SEA,109418
2004,EWR,158150
2004,MHT,23880
2004,DFW,344834
2004,PDX,55807
2004,IAH,202030
2004,OMA,21353
2004,PBI,27545
2004,MCO,108762
2004,SFO,130008
2004,BDL,34565
2004,TUS,17845
2004,GRR,16309
2004,PIT,62629
2004,PHX,170209
2004,PVD,30447
2004,PHL,121721
2004,ATL,418072
2004,CMH,38844
2004,LAX,232621
2004,MSP,146935
2004,IAD,132797
2004,TPA,71742
2004,SLC,138724
2004,BWI,106058
2004,BOS,132339
2004,IND,42098
2004,DTW,146598
2004,ABQ,37033
2004,ONT,36483
2004,ALB,18067
2004,CLE,93259
2004,GSO,19439
2004,ICT,10239
2004,BOI,15686
2004,STL,61259
2004,LGA,127513
2004,DSM,11524
2004,MDT,10286
2004,RIC,17139
2004,BIL,5605
2004,MCI,59278
2004,MIA,65251
2004,GEG,14263
2004,TUL,21480
2004,BUR,26687
2004,DCA,93432
2004,SNA,47971
2004,BUF,27913
2004,JAC,3533
2004,ROC,19065
2004,FLL,66511
2004,SJU,26633
2004,COS,13105
2004,RNO,30538
2004,DAY,16251
2004,JFK,91501
2004,HNL,35880
2004,KOA,6344
2004,ANC,20540
2004,BTV,8030
2004,AUS,39851
2004,RSW,21899
2004,CVG,208011
2004,HDN,825
2004,STT,3294
2004,GUC,169
2004,MTJ,2518
2004,EGE,1280
2004,MYR,7849
2004,CHS,14834
2004,RDU,62153
2004,PNS,7223
2004,BNA,60255
2004,ILM,3361
2004,JAX,30212
2004,SAV,13194
2004,SRQ,6311
2004,ORF,24013
2004,STX,407
2004,SYR,15170
2004,PWM,10968
2004,AMA,8172
2004,BHM,22985
2004,CRP,8590
2004,DAL,45086
2004,ELP,21551
2004,HOU,59066
2004,HRL,5884
2004,ISP,12505
2004,JAN,11523
2004,LBB,9431
2004,LIT,17506
2004,MAF,7900
2004,MDW,91723
2004,SDF,23192
2004,MEM,48724
2004,MKE,21699
2004,GRB,5739
2004,TVC,2987
2004,DLH,1518
2004,RAP,4308
2004,FCA,3310
2004,GTF,3780
2004,CID,6124
2004,FAR,3912
2004,BIS,2445
2004,VPS,6492
2004,AZO,4807
2004,MBS,3934
2004,MSN,8696
2004,LSE,1580
2004,GFK,964
2004,OGG,13735
2004,HLN,2663
2004,LAN,6208
2004,FSD,5189
2004,BZN,4851
2004,MOT,1110
2004,RST,2395
2004,MSO,4536
2004,FNT,6829
2004,PSP,12072
2004,TYS,13733
2004,HPN,8407
2004,ABE,6909
2004,GSP,15141
2004,TLH,5366
2004,ROA,4698
2004,SBA,11585
2004,SHV,8940
2004,ATW,2565
2004,XNA,13428
2004,CAE,12730
2004,ACY,1096
2004,SWF,3166
2004,AVL,4290
2004,MLB,2754
2004,CAK,9266
2004,FWA,6770
2004,HSV,11890
2004,CHO,3025
2004,TOL,5557
2004,AVP,3153
2004,EVV,5436
2004,BGR,5063
2004,CHA,5035
2004,LEX,10063
2004,BGM,1541
2004,DAB,4025
2004,CKB,6
2004,SCE,1709
2004,SBN,4873
2004,ERI,1078
2004,CRW,5438
2004,MLI,4058
2004,TRI,3951
2004,AGS,4039
2004,PFN,3231
2004,PIH,1855
2004,TWF,2053
2004,CPR,3255
2004,SUN,3078
2004,CDC,758
2004,SGU,2839
2004,COD,985
2004,EKO,2697
2004,GJT,3633
2004,IDA,3197
2004,FAT,13728
2004,PSC,4162
2004,BTM,1461
2004,BFL,3344
2004,IPL,716
2004,SBP,5657
2004,CLD,2129
2004,SMX,2127
2004,YUM,1299
2004,IYK,1054
2004,VIS,669
2004,DRO,457
2004,OXR,1755
2004,ACV,4101
2004,MRY,7289
2004,CEC,1019
2004,CIC,1086
2004,MFR,4676
2004,MOD,1410
2004,SGF,6485
2004,RDD,2165
2004,RDM,2488
2004,EUG,5442
2004,LNK,2267
2004,PIA,4131
2004,ABI,3088
2004,ACT,3522
2004,ILE,2969
2004,SJT,2712
2004,TYR,3595
2004,CLL,3889
2004,TXK,2001
2004,MLU,3520
2004,VCT,1031
2004,AEX,3254
2004,LFT,3840
2004,BTR,7771
2004,BRO,1719
2004,LCH,1593
2004,MOB,5065
2004,GPT,5998
2004,BPT,2484
2004,LRD,2263
2004,EFD,1077
2004,PIE,2325
2004,LIH,7469
2004,CSG,2173
2004,MGM,3511
2004,GNV,2354
2004,PHF,5529
2004,DHN,2028
2004,MEI,1070
2004,FAY,1773
2004,FLO,1040
2004,MCN,1740
2004,BQK,1303
2004,ABY,1420
2004,HTS,1126
2004,GTR,1400
2004,VLD,1400
2004,LYH,1041
2004,EYW,641
2004,BMI,2737
2004,LNY,228
2004,MKK,227
2004,ITO,2526
2004,GGG,1094
2004,SPS,2206
2004,LAW,2104
2004,FSM,1814
2004,CMI,3140
2004,MQT,826
2004,DBQ,1180
2004,LGB,11388
2004,MFE,3161
2004,DUT,55
2004,ADQ,727
2004,DLG,251
2004,BET,1139
2004,OME,1045
2004,OTZ,1023
2004,SCC,356
2004,JNU,4577
2004,KTN,2491
2004,CDV,728
2004,YAK,728
2004,FAI,5413
2004,SIT,1332
2004,PSG,728
2004,WRG,727
2004,AKN,380
2004,ADK,104
2004,BRW,710
2004,BQN,561
2004,HVN,655
2004,LWB,170
2004,WYS,240
2004,OGD,4
2004,PUB,3
2004,ACK,242
2004,PVU,1
2004,GST,92
2004,GRK,2232
2004,FMN,1
2004,APF,140
2005,BOS,128006
2005,ORD,337708
2005,SMF,50617
2005,SAN,89075
2005,MIA,65743
2005,SFO,128973
2005,DEN,182849
2005,DSM,10755
2005,ROC,18754
2005,LAX,230864
2005,SEA,106586
2005,ATL,433678
2005,DAY,14371
2005,ALB,18360
2005,PIT,52489
2005,MDT,7588
2005,IAD,122342
2005,BUR,29125
2005,MHT,24805
2005,SAT,39439
2005,SNA,48390
2005,CLT,114510
2005,GEG,13761
2005,SLC,160514
2005,BOI,16785
2005,IND,43174
2005,MCI,55928
2005,MSP,137393
2005,OAK,70381
2005,DFW,307678
2005,PDX,55254
2005,PHL,126429
2005,RIC,19321
2005,MSY,40499
2005,EGE,1543
2005,SJC,60702
2005,BWI,106789
2005,OMA,22910
2005,DCA,104936
2005,STL,65977
2005,PSP,11071
2005,ABQ,36956
2005,EWR,155635
2005,COS,14444
2005,CMH,37946
2005,LGA,127530
2005,BUF,27079
2005,DTW,136220
2005,OKC,20643
2005,TUS,19601
2005,PVD,31283
2005,BDL,37246
2005,RSW,26308
2005,HNL,37914
2005,ANC,20767
2005,IAH,212013
2005,AUS,41696
2005,SJU,25673
2005,CLE,89195
2005,CVG,208645
2005,ICT,11086
2005,JFK,101953
2005,LIH,7525
2005,OGG,14632
2005,PHX,174485
2005,GUC,233
2005,MTJ,2728
2005,KOA,6871
2005,STT,3318
2005,RNO,28248
2005,GSO,18512
2005,GRR,16038
2005,BIL,5375
2005,BTV,8982
2005,TUL,22001
2005,PBI,28425
2005,FLL,70339
2005,LAS,167534
2005,MCO,118741
2005,TPA,79520
2005,ONT,35953
2005,BNA,59100
2005,JAX,30523
2005,MYR,7201
2005,SYR,14510
2005,RDU,62676
2005,BHM,21606
2005,SAV,14117
2005,CHS,14929
2005,ORF,22046
2005,STX,479
2005,ILM,4040
2005,ABE,4742
2005,PWM,9516
2005,MKE,21520
2005,AMA,8245
2005,CRP,9474
2005,DAL,42271
2005,ELP,21953
2005,HOU,56557
2005,HRL,5880
2005,ISP,12502
2005,JAN,11415
2005,LBB,9537
2005,LIT,19022
2005,MAF,8114
2005,MDW,93350
2005,SDF,24415
2005,GFK,823
2005,FSD,4759
2005,MEM,48791
2005,FAR,3862
2005,MSN,9980
2005,XNA,14277
2005,DLH,1115
2005,BTR,10123
2005,FCA,3530
2005,GPT,5825
2005,MBS,2940
2005,CID,7369
2005,GRB,7001
2005,LAN,4206
2005,RAP,3930
2005,BZN,5281
2005,LSE,1584
2005,MOT,1108
2005,MSO,4519
2005,BIS,2426
2005,RST,2513
2005,FNT,7526
2005,SRQ,7349
2005,JAC,3572
2005,HDN,933
2005,TVC,2930
2005,AZO,4442
2005,HPN,6582
2005,SGF,8490
2005,VPS,6587
2005,LEX,9882
2005,GSP,13361
2005,SWF,3013
2005,CAK,10108
2005,CAE,11250
2005,HVN,1024
2005,MLB,3518
2005,TOL,5330
2005,BGM,1042
2005,BGR,5280
2005,ACY,1037
2005,DAB,3721
2005,TYS,13924
2005,HSV,11922
2005,ATW,2392
2005,FWA,6276
2005,AVP,2597
2005,SBA,12553
2005,CRW,5000
2005,CHO,2139
2005,ERI,1074
2005,CHA,5103
2005,SCE,1081
2005,PFN,2886
2005,HTS,1344
2005,TRI,3729
2005,SBN,3903
2005,ROA,3041
2005,EVV,5857
2005,MLI,4920
2005,TLH,5348
2005,CMI,3802
2005,PHF,6755
2005,AVL,4458
2005,HLN,2435
2005,SHV,8378
2005,PNS,10902
2005,GJT,3973
2005,SUN,3094
2005,TWF,2267
2005,PIH,2023
2005,CPR,3542
2005,CDC,1001
2005,SGU,2946
2005,COD,962
2005,EKO,1981
2005,IDA,3155
2005,PSC,3543
2005,GTF,4280
2005,BTM,1337
2005,FAT,13727
2005,EUG,5680
2005,CEC,1001
2005,ACV,4042
2005,BFL,4040
2005,CLD,2088
2005,VIS,455
2005,IPL,730
2005,YUM,1221
2005,IYK,1042
2005,MRY,7225
2005,CIC,1062
2005,OXR,1721
2005,SMX,2130
2005,SBP,5622
2005,MFR,5220
2005,MOD,1413
2005,RDD,1828
2005,RDM,3253
2005,DRO,548
2005,LNK,2044
2005,PIA,4659
2005,BPT,1248
2005,ACT,2947
2005,SJT,2216
2005,GRK,5636
2005,TYR,3161
2005,ABI,2749
2005,CLL,3294
2005,TXK,1390
2005,MLU,2081
2005,VCT,518
2005,CYS,1
2005,LWS,669
2005,LRD,2944
2005,AEX,2595
2005,LFT,3937
2005,MOB,4551
2005,BRO,1876
2005,LCH,1283
2005,MFE,3673
2005,PIE,467
2005,AGS,2764
2005,CSG,1763
2005,DHN,1943
2005,GNV,2241
2005,APF,1037
2005,MGM,3542
2005,VLD,1278
2005,ABY,1390
2005,GTR,1327
2005,LYH,1025
2005,MEI,1293
2005,FLO,966
2005,EYW,969
2005,FAY,1434
2005,MCN,975
2005,BQK,1290
2005,BMI,2521
2005,ITO,2776
2005,LGB,11226
2005,LAW,2276
2005,SPS,2686
2005,GGG,1096
2005,FSM,2105
2005,DBQ,1408
2005,MQT,1017
2005,FAI,5295
2005,ADQ,665
2005,DLG,237
2005,BET,1139
2005,SCC,331
2005,JNU,4489
2005,KTN,2476
2005,CDV,726
2005,YAK,726
2005,SIT,1277
2005,PSG,726
2005,WRG,726
2005,AKN,389
2005,ADK,102
2005,BRW,666
2005,OME,1095
2005,OTZ,1089
2005,BQN,790
2005,ISO,695
2005,LWB,178
2005,HKY,606
2005,WYS,265
2005,ACK,227
2005,TUP,609
2005,GST,88
2005,PSE,197
2005,OGD,1
2005,SPI,300
2005,CWA,182
2005,CKB,1
2005,PVU,1
2006,ATL,407971
2006,AUS,44592
2006,BDL,32880
2006,BNA,60554
2006,BOI,17114
2006,BOS,131050
2006,BTV,6869
2006,BUF,27440
2006,BUR,32102
2006,BWI,107584
2006,CHS,12330
2006,CLE,86421
2006,CLT,117455
2006,CMH,35912
2006,DCA,94659
2006,DEN,232476
2006,DFW,301163
2006,DTW,128327
2006,ELP,22464
2006,EWR,158291
2006,EYW,997
2006,FLL,67597
2006,GEG,14089
2006,HNL,61099
2006,IAD,96010
2006,IAH,224061
2006,IND,37615
2006,JAX,31617
2006,JFK,110367
2006,LAS,184733
2006,LAX,233788
2006,LGA,127459
2006,MCI,55918
2006,MCO,118910
2006,MDT,7867
2006,MHT,21260
2006,MIA,66153
2006,MKE,23374
2006,MSP,126498
2006,MSY,29899
2006,MYR,7088
2006,OAK,74794
2006,OGG,23923
2006,OMA,23066
2006,ONT,36311
2006,ORD,373736
2006,ORF,20162
2006,PBI,28305
2006,PDX,57757
2006,PHL,108313
2006,PHX,215086
2006,PIT,47455
2006,PVD,26578
2006,PWM,7551
2006,RDU,58017
2006,RIC,19177
2006,RNO,26545
2006,ROC,17621
2006,RSW,26431
2006,SAN,92976
2006,SEA,107541
2006,SFO,131844
2006,SJC,61161
2006,SJU,25183
2006,SLC,142080
2006,SMF,53835
2006,SNA,51702
2006,SRQ,7493
2006,STL,64327
2006,STT,2969
2006,SYR,12356
2006,TPA,75946
2006,ABE,5188
2006,ABQ,37264
2006,ALB,14676
2006,ANC,19976
2006,EGE,3009
2006,STX,389
2006,AMA,8495
2006,BHM,19161
2006,CRP,9215
2006,DAL,49708
2006,HOU,55260
2006,HRL,5854
2006,ISP,11891
2006,JAN,11263
2006,LBB,9327
2006,LIT,17006
2006,MAF,8566
2006,MDW,100840
2006,OKC,22003
2006,SAT,42856
2006,SDF,19165
2006,TUL,21698
2006,TUS,25033
2006,ASE,3733
2006,ATW,4348
2006,AVL,3081
2006,AVP,2591
2006,BFL,5732
2006,BIL,4692
2006,BMI,4535
2006,CAE,11360
2006,CAK,9507
2006,CHA,4704
2006,CHO,1967
2006,CID,8827
2006,CLD,2853
2006,COD,1328
2006,COS,17046
2006,CRW,4115
2006,DRO,4138
2006,DSM,13429
2006,EUG,6310
2006,FAT,14904
2006,FLG,1729
2006,FSD,6188
2006,FWA,5083
2006,GJT,4731
2006,GNV,1856
2006,GSO,14063
2006,GSP,11192
2006,GUC,1245
2006,HDN,2501
2006,HSV,7669
2006,ICT,12772
2006,ILM,3417
2006,JAC,3740
2006,LAN,4881
2006,LEX,9404
2006,LGB,12879
2006,MBS,3103
2006,MEM,47350
2006,MFR,6217
2006,MGM,3278
2006,MLI,6309
2006,MOB,5562
2006,MRY,8188
2006,MSN,12945
2006,PNS,10235
2006,PSP,13154
2006,RAP,4938
2006,ROA,4184
2006,SAV,13248
2006,SBA,14605
2006,SBN,1372
2006,SBP,6930
2006,TEX,273
2006,TLH,3176
2006,TYS,9954
2006,XNA,11429
2006,YUM,3349
2006,FAY,1548
2006,OAJ,62
2006,CVG,126680
2006,TRI,1426
2006,DAY,13481
2006,GRB,7712
2006,GRR,16261
2006,LNK,2906
2006,PHF,6115
2006,AZO,4815
2006,BTR,11519
2006,EVV,4010
2006,HPN,6983
2006,BGM,658
2006,ERI,892
2006,TOL,3591
2006,FNT,7007
2006,SCE,1007
2006,BGR,4303
2006,MLB,2262
2006,SGF,9273
2006,CMI,3291
2006,SHV,7197
2006,HTS,641
2006,ACY,765
2006,PIH,1822
2006,TWF,2086
2006,SUN,3060
2006,EKO,1724
2006,SGU,3447
2006,CPR,3215
2006,CDC,359
2006,HLN,1641
2006,IDA,2752
2006,GTF,3498
2006,MSO,4057
2006,PSC,2329
2006,BZN,4805
2006,FCA,2638
2006,LWS,725
2006,RDM,3714
2006,BTM,797
2006,FAR,4888
2006,PIA,4664
2006,SPI,1750
2006,ACV,3664
2006,CEC,1009
2006,IPL,1180
2006,IYK,1002
2006,OXR,1608
2006,SMX,1756
2006,CIC,1275
2006,RDD,2044
2006,MOD,2351
2006,MTJ,2708
2006,BIS,2364
2006,CWA,1228
2006,TVC,3796
2006,LCH,1399
2006,LFT,5385
2006,LRD,2756
2006,AEX,2809
2006,TYR,1737
2006,GPT,6955
2006,MFE,4845
2006,BRO,2314
2006,VPS,6437
2006,CLL,1753
2006,BPT,367
2006,GRK,5202
2006,MLU,2289
2006,DAB,3557
2006,KOA,13221
2006,LIH,14053
2006,AGS,2332
2006,CSG,1335
2006,DHN,1746
2006,VLD,1146
2006,GTR,838
2006,LYH,1027
2006,MEI,976
2006,PFN,2577
2006,ABY,1369
2006,ISO,707
2006,TUP,749
2006,BQK,1000
2006,FLO,730
2006,MCN,1091
2006,HKY,42
2006,APF,796
2006,ITO,7249
2006,LAW,2160
2006,ACT,2458
2006,SPS,2420
2006,GGG,1095
2006,ABI,2845
2006,TXK,1094
2006,SJT,1786
2006,FSM,1799
2006,RST,2578
2006,MQT,983
2006,SWF,1119
2006,LSE,1679
2006,DBQ,1410
2006,DLH,1015
2006,MOT,1090
2006,GFK,818
2006,HVN,3
2006,YAK,726
2006,JNU,4450
2006,CDV,726
2006,ADQ,602
2006,WRG,726
2006,PSG,726
2006,KTN,2388
2006,FAI,4930
2006,SIT,1326
2006,OTZ,1087
2006,OME,1093
2006,BRW,682
2006,BET,1145
2006,AKN,364
2006,ADK,104
2006,SCC,561
2006,DLG,217
2006,BQN,1254
2006,PSE,578
2006,RFD,576
2006,LWB,194
2006,WYS,264
2006,BLI,409
2006,ACK,235
2006,SOP,124
2006,ILG,310
2006,GST,85
2006,CKB,1
2006,TTN,51
2007,SMF,58074
2007,SNA,52953
2007,STL,64856
2007,TPA,79785
2007,TUL,25175
2007,TUS,28173
2007,ABQ,41161
2007,ALB,14965
2007,AMA,7542
2007,AUS,51560
2007,BDL,32627
2007,BHM,23535
2007,BNA,61070
2007,BOI,18106
2007,BUF,26687
2007,BUR,33019
2007,BWI,109385
2007,CLE,78288
2007,CMH,38544
2007,CRP,6769
2007,DAL,53951
2007,DEN,240928
2007,DTW,177478
2007,ELP,21805
2007,FLL,69414
2007,GEG,16135
2007,HOU,56540
2007,HRL,5055
2007,IAD,91048
2007,IND,43576
2007,ISP,12222
2007,JAN,13589
2007,JAX,35931
2007,LAS,183668
2007,LAX,237597
2007,LBB,8704
2007,LIT,17009
2007,MAF,7604
2007,MCI,65011
2007,MCO,129778
2007,MDW,95863
2007,MHT,21349
2007,MSY,37329
2007,OAK,74938
2007,OKC,26964
2007,OMA,28081
2007,ONT,41643
2007,ORF,20012
2007,PBI,29766
2007,PDX,58603
2007,PHL,104063
2007,PHX,211072
2007,PIT,49209
2007,PVD,25366
2007,RDU,67199
2007,RNO,27211
2007,RSW,27615
2007,SAN,97316
2007,SAT,46362
2007,SDF,22229
2007,SEA,109127
2007,SJC,61804
2007,SLC,147808
2007,AEX,2996
2007,IAH,200420
2007,BFL,5195
2007,EWR,154113
2007,GSP,13507
2007,ATL,413851
2007,ORD,375784
2007,SRQ,7331
2007,CAE,10660
2007,MSP,155846
2007,LFT,5713
2007,GRR,16412
2007,SAV,14281
2007,LRD,2543
2007,ICT,14750
2007,XNA,14025
2007,DAY,15810
2007,BPT,364
2007,MOB,6171
2007,HPN,12569
2007,SYR,13265
2007,CLT,127108
2007,MSN,13416
2007,BTV,7239
2007,JFK,126366
2007,BRO,1593
2007,PNS,10280
2007,CHS,15673
2007,MEM,85034
2007,GSO,14980
2007,MLU,3094
2007,ROC,17274
2007,GPT,7330
2007,LGA,122899
2007,RIC,19857
2007,TYS,13965
2007,VPS,6927
2007,AVL,3773
2007,DFW,297345
2007,BOS,128320
2007,ABE,5701
2007,CVG,110509
2007,BTR,10347
2007,MKE,28404
2007,SHV,8969
2007,DCA,89666
2007,COS,17233
2007,TLH,4231
2007,HSV,9792
2007,PWM,8368
2007,MGM,4085
2007,DAB,3687
2007,MDT,8795
2007,MTJ,2606
2007,MFE,4733
2007,LCH,1204
2007,LEX,9980
2007,MIA,64742
2007,CLL,1785
2007,PSP,13201
2007,CHA,4533
2007,DSM,17872
2007,CRW,3498
2007,GRK,5149
2007,MYR,6764
2007,BGR,4091
2007,ERI,1358
2007,ASE,5305
2007,BMI,4219
2007,CAK,9335
2007,CID,11151
2007,CLD,2730
2007,COD,1336
2007,CWA,1773
2007,DRO,3939
2007,EGE,3355
2007,EUG,6369
2007,FAT,15709
2007,FLG,1911
2007,FWA,6593
2007,GJT,4858
2007,GRB,8434
2007,GUC,1273
2007,HDN,2685
2007,HNL,67581
2007,ILM,3815
2007,ITO,9570
2007,JAC,3517
2007,KOA,16001
2007,LAN,4602
2007,LGB,14210
2007,LIH,15677
2007,MBS,3744
2007,MFR,6389
2007,MRY,8768
2007,OGG,25515
2007,RAP,5023
2007,ROA,3707
2007,SBA,14274
2007,SBN,5128
2007,SBP,7052
2007,TEX,216
2007,YUM,3524
2007,ATW,6179
2007,FSD,6781
2007,MLI,9516
2007,SFO,138491
2007,AVP,2890
2007,TTN,808
2007,AZO,5121
2007,SCE,677
2007,PHF,5548
2007,MLB,2044
2007,CHO,1386
2007,HTS,279
2007,SGF,11058
2007,ACY,735
2007,PFN,3468
2007,SUN,3208
2007,PIH,1824
2007,TWF,2099
2007,EKO,1819
2007,SGU,3636
2007,CPR,3890
2007,PSC,2736
2007,HLN,1803
2007,IDA,3383
2007,BTM,819
2007,BIL,4694
2007,MSO,3807
2007,FAR,5300
2007,BZN,5237
2007,LWS,706
2007,FCA,3305
2007,RDM,3646
2007,BLI,588
2007,GTF,2917
2007,CEC,1055
2007,ACV,3872
2007,MOD,3060
2007,CIC,1374
2007,IPL,1300
2007,IYK,981
2007,OXR,1358
2007,SMX,1761
2007,RDD,1793
2007,BIS,3155
2007,LNK,4218
2007,RFD,694
2007,PIA,5417
2007,TVC,4137
2007,SPI,1745
2007,ANC,19755
2007,SJU,23709
2007,STT,2955
2007,STX,479
2007,GTR,1006
2007,EVV,5832
2007,CSG,1398
2007,TRI,1207
2007,GNV,1927
2007,MCN,992
2007,AGS,2286
2007,DHN,1639
2007,BQK,993
2007,LYH,877
2007,MEI,678
2007,TOL,2096
2007,APF,555
2007,ILG,455
2007,ABY,1312
2007,FNT,7775
2007,VLD,1057
2007,ISO,9
2007,FAY,2185
2007,FLO,655
2007,OAJ,1134
2007,EYW,1052
2007,TUP,603
2007,BGM,966
2007,SWF,5592
2007,TYR,1604
2007,ABI,2836
2007,SPS,2316
2007,LAW,2333
2007,GGG,1093
2007,SJT,1822
2007,ACT,2349
2007,TXK,1208
2007,FSM,2735
2007,CMI,2757
2007,RST,4252
2007,MQT,1069
2007,LSE,2512
2007,DBQ,1415
2007,GFK,1220
2007,DLH,2188
2007,MOT,1080
2007,SUX,534
2007,PLN,512
2007,CMX,309
2007,RHI,223
2007,ELM,1205
2007,ALO,300
2007,FAI,4968
2007,OTZ,1086
2007,OME,1088
2007,BET,1044
2007,ADQ,691
2007,SIT,1340
2007,KTN,2388
2007,JNU,4447
2007,SCC,726
2007,BRW,726
2007,WRG,726
2007,PSG,726
2007,YAK,726
2007,CDV,726
2007,AKN,235
2007,ADK,103
2007,DLG,175
2007,BQN,1370
2007,PSE,1001
2007,MTH,128
2007,EAU,72
2007,HHH,997
2007,SOP,195
2007,LWB,187
2007,GLH,2
2007,MKC,1
2007,PMD,392
2007,EWN,601
2007,ACK,314
2007,WYS,266
2007,YKM,410
2007,SLE,398
2007,INL,218
2007,BJI,128
2007,GST,90
2007,ROW,235
2007,PIR,4
2008,IAD,76031
2008,IND,42750
2008,ISP,10183
2008,JAN,12609
2008,JAX,32685
2008,LAS,172876
2008,LAX,215608
2008,LBB,8249
2008,LIT,15369
2008,MAF,6839
2008,MCI,59370
2008,MCO,130872
2008,MDW,87619
2008,MHT,18588
2008,MSY,39422
2008,OAK,62535
2008,OKC,25152
2008,OMA,27007
2008,ONT,35072
2008,ORF,16458
2008,PBI,27822
2008,PDX,57860
2008,PHL,100499
2008,PHX,199408
2008,PIT,41800
2008,PVD,22509
2008,RDU,60179
2008,RNO,24286
2008,RSW,27136
2008,SAN,93775
2008,SAT,45270
2008,SDF,22458
2008,SEA,109069
2008,SFO,140587
2008,SJC,57136
2008,SLC,139088
2008,SMF,53056
2008,SNA,47376
2008,STL,62733
2008,TPA,78179
2008,TUL,23459
2008,TUS,26661
2008,ABQ,41146
2008,ALB,13474
2008,AMA,7496
2008,AUS,49623
2008,BDL,29449
2008,BHM,23679
2008,BNA,57539
2008,BOI,17024
2008,BUF,26281
2008,BUR,31405
2008,BWI,104074
2008,CLE,65795
2008,CMH,34157
2008,CRP,5270
2008,DAL,53928
2008,DEN,241443
2008,DTW,161989
2008,ELP,20731
2008,FLL,67177
2008,GEG,15560
2008,HOU,55933
2008,HRL,4421
2008,ROC,14264
2008,DAY,15791
2008,ORD,350380
2008,EWR,138506
2008,SYR,12032
2008,IAH,185172
2008,LFT,4879
2008,MKE,42700
2008,CHS,14181
2008,LCH,1000
2008,CLT,126045
2008,BTR,8941
2008,CRW,3414
2008,FAT,14278
2008,COS,16201
2008,MRY,7607
2008,LGB,15443
2008,BFL,4502
2008,EUG,5749
2008,ICT,14050
2008,MEM,80966
2008,LGA,119135
2008,DCA,86662
2008,BTV,7005
2008,GRK,3733
2008,BRO,1464
2008,TYS,14004
2008,DSM,16643
2008,BPT,276
2008,GPT,8541
2008,GRR,16616
2008,PWM,6897
2008,MSP,130289
2008,RIC,19977
2008,CVG,91265
2008,SAV,13774
2008,SRQ,6432
2008,GSO,13558
2008,CHA,4571
2008,XNA,14112
2008,GSP,11856
2008,LEX,10344
2008,MFE,4116
2008,ABE,4807
2008,MLU,2530
2008,MOB,6348
2008,LRD,2115
2008,SHV,8079
2008,TLH,5912
2008,CAE,10550
2008,AEX,2330
2008,ATL,414513
2008,DFW,281281
2008,BGR,2879
2008,AVL,4399
2008,BOS,117915
2008,MSN,13961
2008,HSV,10791
2008,MGM,3851
2008,MYR,5335
2008,VPS,6820
2008,CLL,1367
2008,PNS,9497
2008,MTJ,2419
2008,DAB,2957
2008,PSP,11979
2008,ASE,5307
2008,ATW,5873
2008,AVP,2386
2008,BMI,4801
2008,CAK,8994
2008,CID,9377
2008,CLD,2303
2008,COD,1188
2008,CPR,2709
2008,CWA,2563
2008,DRO,3674
2008,EGE,3106
2008,FLG,1871
2008,FSD,5828
2008,FWA,6144
2008,GJT,5152
2008,GRB,7930
2008,HDN,2398
2008,HNL,56276
2008,ILM,3397
2008,ITO,8051
2008,JFK,118804
2008,KOA,12710
2008,LAN,3693
2008,LIH,13184
2008,MBS,2918
2008,MDT,7594
2008,MFR,5652
2008,OGG,19940
2008,RAP,4161
2008,ROA,3720
2008,SBA,12568
2008,SBN,5319
2008,SBP,5846
2008,SPI,1225
2008,TEX,194
2008,YUM,3871
2008,TVC,4262
2008,HPN,10715
2008,MIA,62559
2008,MLB,2002
2008,SGF,10087
2008,TRI,2117
2008,ACY,116
2008,TWF,1813
2008,SUN,2871
2008,PIH,1659
2008,EKO,1580
2008,SGU,3319
2008,PSC,2541
2008,BTM,708
2008,SLE,486
2008,IDA,3103
2008,HLN,1986
2008,FCA,2762
2008,MSO,3256
2008,GTF,2140
2008,LWS,652
2008,YKM,340
2008,BZN,4659
2008,BIL,4505
2008,RDM,3434
2008,FAR,4431
2008,JAC,3766
2008,IYK,958
2008,SMX,1681
2008,ACV,3714
2008,OXR,1292
2008,RDD,1682
2008,CEC,1063
2008,MOD,2325
2008,CIC,1392
2008,IPL,989
2008,PIA,5581
2008,MLI,8567
2008,GUC,959
2008,AZO,3924
2008,LNK,3037
2008,PMD,728
2008,BIS,2293
2008,RFD,290
2008,BLI,120
2008,CDC,668
2008,SJU,21676
2008,STT,2972
2008,ANC,19327
2008,STX,436
2008,PHF,6406
2008,DHN,1397
2008,PFN,3875
2008,TOL,1478
2008,AGS,2403
2008,FAY,2267
2008,HHH,836
2008,EVV,5844
2008,GNV,2064
2008,ABY,1095
2008,FNT,8749
2008,OAJ,1184
2008,BQK,925
2008,SWF,4249
2008,EWN,791
2008,MEI,674
2008,GTR,964
2008,LYH,625
2008,FSM,2937
2008,EYW,1009
2008,VLD,938
2008,CSG,1481
2008,MCN,652
2008,CHO,823
2008,TUP,10
2008,FLO,615
2008,SCE,645
2008,TYR,1585
2008,LAW,2369
2008,SPS,1834
2008,ABI,2660
2008,GGG,978
2008,ACT,1993
2008,SJT,1316
2008,TXK,1250
2008,CMI,2774
2008,ROW,961
2008,RST,3353
2008,MQT,991
2008,LSE,2005
2008,DBQ,1349
2008,GFK,1371
2008,MOT,1085
2008,DLH,2013
2008,SUX,122
2008,PLN,264
2008,BGM,728
2008,ERI,1399
2008,ALO,323
2008,CMX,318
2008,RHI,221
2008,ELM,1336
2008,JNU,4410
2008,KTN,2380
2008,ADQ,706
2008,FAI,4822
2008,SIT,1332
2008,PSG,727
2008,WRG,727
2008,SCC,727
2008,BET,1035
2008,CDV,725
2008,OME,1090
2008,YAK,725
2008,BRW,728
2008,OTZ,1086
2008,ADK,102
2008,BQN,1519
2008,PSE,755
2008,GCC,1046
2008,RKS,954
2008,MKG,396
2008,DLG,116
2008,AKN,116
2008,LWB,185
2008,ACK,457
2008,WYS,264
2008,BJI,74
2008,INL,72
2008,GST,85
2008,PUB,2
2008,LMT,511
2008,OTH,515
2008,ITH,132
2008,HTS,158
2008,PIR,5
